Mach;Cd_interpolated
0.0;0.42
0.1;0.41000000000000003
0.2;0.4
0.3;0.395
0.4;0.39
0.5;0.39
0.6;0.39
0.7;0.4
0.8;0.46
0.9;0.62
1.0;0.78
1.1,;0.74
1.2,;0.62
1.3,;0.55
1.4,;0.52
1.5,;0.49
1.6,;0.482
1.7,;0.474
1.8,;0.466
1.9,;0.458
2.0,;0.45
2.1,;0.446
2.2,;0.442
2.3,;0.438
2.4,;0.434
2.5,;0.43
2.6,;0.428
2.7,;0.426
2.8,;0.424
2.9,;0.422
3.0,;0.42
3.1,;0.419
3.2,;,0.418
3.3,;0.417
3.4,;0.416
3.5,;0.415
3.6,;0.414
3.7,;0.413
3.8,;0.412
3.9,;0.411
4.0,;0.41
4.1,;0.40959999999999996
4.2,;0.40919999999999995
4.3,;0.4088
4.4,;0.4084
4.5,;0.408
4.6,;0.4074
4.7,;0.4068
4.8,;0.4062
4.9,;0.4056
5.0,;0.405
5.1,;0.4046
5.2,;0.4042
5.3,;0.40380000000000005
5.4,;0.40340000000000004
5.5,;0.403
5.6,;0.40240000000000004
5.7,;0.40180000000000005
5.8,;0.4012
5.9,;0.4006
6.0,;0.4
