Time_s,Altitude_m,Downrange_m,VelY_ms,VelX_ms,TotalSpeed_ms,Pitch_deg,TVC_Gimbal_deg,Mass_kg,Fuel_kg,Throttle_pct,GForce_g,Mach,DynamicPressure_kPa,Phase
0.0,0.0,0.0,0.10,0.00,0.10,90.0,0.0,29997,19997,100.0,1.53,0.00,0.00,"ВЕРТИКАЛЬНЫЙ ПОДЪЁМ"
1.0,2.6,0.0,5.23,0.00,5.23,90.0,0.0,29847,19847,100.0,1.54,0.02,0.02,"ВЕРТИКАЛЬНЫЙ ПОДЪЁМ"
2.0,10.5,0.0,10.54,0.00,10.54,90.0,0.0,29694,19694,100.0,1.54,0.03,0.07,"ВЕРТИКАЛЬНЫЙ ПОДЪЁМ"
3.0,23.7,0.0,15.92,0.00,15.92,90.0,0.0,29541,19541,100.0,1.55,0.05,0.15,"ВЕРТИКАЛЬНЫЙ ПОДЪЁМ"
4.0,42.4,0.0,21.38,0.00,21.38,90.0,0.0,29388,19388,100.0,1.56,0.06,0.28,"ВЕРТИКАЛЬНЫЙ ПОДЪЁМ"
5.0,66.5,0.0,26.91,0.00,26.91,90.0,0.0,29235,19235,100.0,1.57,0.08,0.44,"ВЕРТИКАЛЬНЫЙ ПОДЪЁМ"
6.0,96.2,0.0,32.52,0.00,32.52,90.0,0.0,29082,19082,100.0,1.58,0.10,0.64,"ВЕРТИКАЛЬНЫЙ ПОДЪЁМ"
7.0,131.6,0.0,38.20,0.00,38.20,90.0,0.0,28929,18929,100.0,1.58,0.11,0.88,"ВЕРТИКАЛЬНЫЙ ПОДЪЁМ"
8.0,172.6,0.0,43.95,0.00,43.95,90.0,0.0,28776,18776,100.0,1.59,0.13,1.16,"ВЕРТИКАЛЬНЫЙ ПОДЪЁМ"
9.0,219.5,0.0,49.78,0.00,49.78,90.0,0.0,28623,18623,100.0,1.60,0.15,1.48,"ВЕРТИКАЛЬНЫЙ ПОДЪЁМ"
10.0,272.2,0.0,55.68,0.00,55.68,90.0,0.0,28470,18470,100.0,1.60,0.16,1.84,"ВЕРТИКАЛЬНЫЙ ПОДЪЁМ"
11.0,330.9,0.0,61.65,0.00,61.65,90.0,0.0,28317,18317,100.0,1.61,0.18,2.24,"ГРАВИТАЦИОННЫЙ РАЗВОРОТ"
12.0,395.5,0.0,67.69,0.00,67.69,90.0,0.0,28165,18165,100.0,1.62,0.20,2.69,"ГРАВИТАЦИОННЫЙ РАЗВОРОТ"
13.0,466.3,0.0,73.80,0.00,73.80,90.0,0.0,28012,18012,100.0,1.63,0.22,3.17,"ГРАВИТАЦИОННЫЙ РАЗВОРОТ"
14.0,543.2,0.0,79.97,0.00,79.97,90.0,0.0,27859,17859,100.0,1.63,0.24,3.70,"ГРАВИТАЦИОННЫЙ РАЗВОРОТ"
15.0,626.2,0.0,86.22,0.00,86.22,90.0,0.0,27706,17706,100.0,1.64,0.25,4.26,"ГРАВИТАЦИОННЫЙ РАЗВОРОТ"
16.0,715.6,0.0,92.54,0.00,92.54,90.0,0.0,27553,17553,100.0,1.65,0.27,4.86,"ГРАВИТАЦИОННЫЙ РАЗВОРОТ"
17.0,811.3,0.0,98.92,0.00,98.92,90.0,0.0,27400,17400,100.0,1.65,0.29,5.51,"ГРАВИТАЦИОННЫЙ РАЗВОРОТ"
18.0,913.5,0.0,105.37,0.00,105.37,90.0,0.0,27247,17247,100.0,1.66,0.31,6.18,"ГРАВИТАЦИОННЫЙ РАЗВОРОТ"
19.0,1022.1,0.0,111.89,0.01,111.89,90.0,0.0,27094,17094,100.0,1.67,0.33,6.90,"ГРАВИТАЦИОННЫЙ РАЗВОРОТ"
20.0,1137.3,0.0,118.47,0.01,118.47,90.0,0.0,26941,16941,100.0,1.67,0.35,7.64,"ГРАВИТАЦИОННЫЙ РАЗВОРОТ"
21.0,1259.1,0.0,125.12,0.01,125.12,90.0,0.0,26788,16788,100.0,1.68,0.37,8.42,"ГРАВИТАЦИОННЫЙ РАЗВОРОТ"
22.0,1387.5,0.0,131.83,0.01,131.83,90.0,0.0,26635,16635,100.0,1.69,0.39,9.23,"ГРАВИТАЦИОННЫЙ РАЗВОРОТ"
23.0,1522.7,0.1,138.61,0.02,138.61,90.0,0.0,26482,16482,100.0,1.69,0.41,10.06,"ГРАВИТАЦИОННЫЙ РАЗВОРОТ"
24.0,1664.8,0.1,145.46,0.02,145.46,90.0,0.0,26329,16329,100.0,1.70,0.44,10.92,"ГРАВИТАЦИОННЫЙ РАЗВОРОТ"
25.0,1813.7,0.1,152.36,0.02,152.36,90.0,0.0,26176,16176,100.0,1.71,0.46,11.80,"ГРАВИТАЦИОННЫЙ РАЗВОРОТ"
26.0,1969.5,0.1,159.34,0.03,159.34,90.0,0.0,26023,16023,100.0,1.71,0.48,12.71,"ГРАВИТАЦИОННЫЙ РАЗВОРОТ"
27.0,2132.4,0.2,166.38,0.03,166.38,90.0,0.0,25870,15870,100.0,1.72,0.50,13.63,"ГРАВИТАЦИОННЫЙ РАЗВОРОТ"
28.0,2302.3,0.2,173.48,0.04,173.48,90.0,0.0,25717,15717,100.0,1.73,0.52,14.56,"ГРАВИТАЦИОННЫЙ РАЗВОРОТ"
29.0,2479.4,0.2,180.64,0.05,180.64,90.0,0.0,25564,15564,100.0,1.73,0.55,15.51,"ГРАВИТАЦИОННЫЙ РАЗВОРОТ"
30.0,2663.6,0.3,187.88,0.06,187.88,90.0,0.0,25411,15411,100.0,1.74,0.57,16.47,"ГРАВИТАЦИОННЫЙ РАЗВОРОТ"
31.0,2855.1,0.3,195.18,0.07,195.18,90.0,0.0,25258,15258,100.0,1.75,0.59,17.43,"ГРАВИТАЦИОННЫЙ РАЗВОРОТ"
32.0,3054.0,0.4,202.54,0.08,202.54,90.0,0.0,25105,15105,100.0,1.75,0.62,18.39,"ГРАВИТАЦИОННЫЙ РАЗВОРОТ"
33.0,3260.2,0.5,209.96,0.09,209.96,90.0,0.0,24952,14952,100.0,1.76,0.64,19.36,"ГРАВИТАЦИОННЫЙ РАЗВОРОТ"
34.0,3473.9,0.6,217.45,0.10,217.45,90.0,0.0,24799,14799,100.0,1.77,0.67,20.32,"ГРАВИТАЦИОННЫЙ РАЗВОРОТ"
35.0,3695.2,0.7,225.01,0.12,225.01,89.9,0.0,24646,14646,100.0,1.77,0.69,21.27,"ГРАВИТАЦИОННЫЙ РАЗВОРОТ"
36.0,3924.0,0.8,232.62,0.13,232.62,89.9,0.0,24494,14494,100.0,1.78,0.72,22.21,"ГРАВИТАЦИОННЫЙ РАЗВОРОТ"
37.0,4160.4,1.0,240.26,0.15,240.26,89.9,0.0,24341,14341,100.0,1.78,0.74,23.13,"ГРАВИТАЦИОННЫЙ РАЗВОРОТ"
38.0,4404.5,1.1,247.94,0.17,247.94,89.9,0.0,24188,14188,100.0,1.78,0.77,24.03,"ГРАВИТАЦИОННЫЙ РАЗВОРОТ"
39.0,4656.3,1.3,255.65,0.19,255.65,89.9,0.0,24035,14035,100.0,1.79,0.79,24.90,"ГРАВИТАЦИОННЫЙ РАЗВОРОТ"
40.0,4915.8,1.5,263.36,0.22,263.36,89.9,0.0,23882,13882,100.0,1.78,0.82,25.74,"ГРАВИТАЦИОННЫЙ РАЗВОРОТ"
41.0,5183.0,1.8,271.04,0.24,271.04,89.9,0.0,23729,13729,100.0,1.78,0.85,26.47,"ГРАВИТАЦИОННЫЙ РАЗВОРОТ"
42.0,5457.9,2.0,278.66,0.27,278.66,89.9,0.0,23576,13576,100.0,1.77,0.87,27.11,"ГРАВИТАЦИОННЫЙ РАЗВОРОТ"
43.0,5740.3,2.3,286.23,0.30,286.23,89.9,0.0,23423,13423,100.0,1.77,0.90,27.68,"ГРАВИТАЦИОННЫЙ РАЗВОРОТ"
44.0,6030.3,2.6,293.75,0.33,293.75,89.9,0.0,23270,13270,100.0,1.76,0.93,28.20,"ГРАВИТАЦИОННЫЙ РАЗВОРОТ"
45.0,6327.8,3.0,301.21,0.37,301.21,89.9,0.0,23117,13117,100.0,1.76,0.96,28.65,"ГРАВИТАЦИОННЫЙ РАЗВОРОТ"
46.0,6632.7,3.4,308.62,0.41,308.62,89.9,0.0,22964,12964,100.0,1.75,0.98,29.04,"ГРАВИТАЦИОННЫЙ РАЗВОРОТ"
47.0,6945.0,3.8,315.98,0.45,315.98,89.9,0.0,22811,12811,100.0,1.75,1.01,29.36,"ГРАВИТАЦИОННЫЙ РАЗВОРОТ"
48.0,7264.7,4.3,323.44,0.49,323.44,89.9,0.0,22658,12658,100.0,1.76,1.04,29.65,"ГРАВИТАЦИОННЫЙ РАЗВОРОТ"
49.0,7591.9,4.8,331.04,0.54,331.04,89.8,0.0,22505,12505,100.0,1.78,1.07,29.91,"ГРАВИТАЦИОННЫЙ РАЗВОРОТ"
50.0,7926.8,5.3,338.77,0.59,338.77,89.8,0.0,22352,12352,100.0,1.79,1.10,30.14,"ГРАВИТАЦИОННЫЙ РАЗВОРОТ"
51.0,8269.5,6.0,346.69,0.65,346.69,89.8,0.0,22199,12199,100.0,1.82,1.13,30.34,"ГРАВИТАЦИОННЫЙ РАЗВОРОТ"
52.0,8620.3,6.7,354.84,0.71,354.84,89.8,0.0,22046,12046,100.0,1.84,1.16,30.52,"ГРАВИТАЦИОННЫЙ РАЗВОРОТ"
53.0,8979.3,7.4,363.25,0.78,363.25,89.8,0.0,21893,11893,100.0,1.87,1.19,30.69,"ГРАВИТАЦИОННЫЙ РАЗВОРОТ"
54.0,9346.9,8.2,371.90,0.85,371.90,89.8,0.0,21740,11740,100.0,1.89,1.23,30.83,"ГРАВИТАЦИОННЫЙ РАЗВОРОТ"
55.0,9723.2,9.1,380.77,0.92,380.77,89.8,0.0,21587,11587,100.0,1.91,1.27,30.95,"ГРАВИТАЦИОННЫЙ РАЗВОРОТ"
56.0,10108.5,10.0,389.85,1.00,389.85,89.8,0.0,21434,11434,100.0,1.93,1.30,30.92,"ГРАВИТАЦИОННЫЙ РАЗВОРОТ"
57.0,10503.0,11.1,399.15,1.09,399.15,89.7,0.0,21281,11281,100.0,1.95,1.33,30.55,"ГРАВИТАЦИОННЫЙ РАЗВОРОТ"
58.0,10906.8,12.2,408.64,1.18,408.65,89.7,0.0,21128,11128,100.0,1.98,1.37,30.13,"ГРАВИТАЦИОННЫЙ РАЗВОРОТ"
59.0,11320.3,13.4,418.35,1.28,418.35,89.7,0.0,20976,10976,100.0,2.00,1.40,29.67,"ГРАВИТАЦИОННЫЙ РАЗВОРОТ"
60.0,11743.6,14.8,428.26,1.38,428.27,89.7,0.0,20823,10823,100.0,2.02,1.44,29.18,"ГРАВИТАЦИОННЫЙ РАЗВОРОТ"
61.0,12176.9,16.2,438.40,1.49,438.40,89.7,0.0,20670,10670,100.0,2.04,1.47,28.64,"ГРАВИТАЦИОННЫЙ РАЗВОРОТ"
62.0,12620.5,17.8,448.75,1.61,448.75,89.7,0.0,20517,10517,100.0,2.06,1.51,28.08,"ГРАВИТАЦИОННЫЙ РАЗВОРОТ"
63.0,13074.5,19.4,459.31,1.74,459.31,89.6,0.0,20364,10364,100.0,2.08,1.55,27.47,"ГРАВИТАЦИОННЫЙ РАЗВОРОТ"
64.0,13539.1,21.2,470.07,1.87,470.07,89.6,0.0,20211,10211,100.0,2.10,1.59,26.83,"ГРАВИТАЦИОННЫЙ РАЗВОРОТ"
65.0,14014.7,23.2,481.04,2.02,481.04,89.6,0.0,20058,10058,100.0,2.12,1.62,26.16,"ГРАВИТАЦИОННЫЙ РАЗВОРОТ"
66.0,14501.3,25.3,492.22,2.17,492.23,89.6,0.0,19905,9905,100.0,2.15,1.66,25.45,"ГРАВИТАЦИОННЫЙ РАЗВОРОТ"
67.0,14999.2,27.5,503.62,2.33,503.63,89.6,0.0,19752,9752,100.0,2.17,1.71,24.72,"ГРАВИТАЦИОННЫЙ РАЗВОРОТ"
68.0,15508.6,29.9,515.25,2.51,515.25,89.5,0.0,19599,9599,100.0,2.19,1.75,23.89,"ГРАВИТАЦИОННЫЙ РАЗВОРОТ"
69.0,16029.8,32.5,527.10,2.69,527.11,89.5,0.0,19446,9446,100.0,2.22,1.79,23.04,"ГРАВИТАЦИОННЫЙ РАЗВОРОТ"
70.0,16562.9,35.3,539.19,2.88,539.20,89.5,0.0,19293,9293,100.0,2.24,1.83,22.18,"ГРАВИТАЦИОННЫЙ РАЗВОРОТ"
71.0,17108.2,38.3,551.52,3.09,551.53,89.5,0.0,19140,9140,100.0,2.26,1.87,21.30,"ГРАВИТАЦИОННЫЙ РАЗВОРОТ"
72.0,17666.0,41.5,564.10,3.31,564.11,89.4,0.0,18987,8987,100.0,2.29,1.91,20.42,"ГРАВИТАЦИОННЫЙ РАЗВОРОТ"
73.0,18236.5,44.9,576.91,3.54,576.93,89.4,0.0,18834,8834,100.0,2.31,1.95,19.53,"ГРАВИТАЦИОННЫЙ РАЗВОРОТ"
74.0,18819.9,48.6,589.98,3.79,589.99,89.4,0.0,18681,8681,100.0,2.34,2.00,18.64,"ГРАВИТАЦИОННЫЙ РАЗВОРОТ"
75.0,19416.6,52.5,603.30,4.05,603.32,89.4,0.0,18528,8528,100.0,2.36,2.04,17.75,"ГРАВИТАЦИОННЫЙ РАЗВОРОТ"
76.0,20026.6,56.7,616.87,4.32,616.89,89.3,0.0,18375,8375,100.0,2.39,2.09,16.86,"ГРАВИТАЦИОННЫЙ РАЗВОРОТ"
77.0,20650.4,61.2,630.70,4.62,630.72,89.3,0.0,18222,8222,100.0,2.42,2.13,15.96,"ГРАВИТАЦИОННЫЙ РАЗВОРОТ"
78.0,21288.1,65.9,644.79,4.93,644.81,89.3,0.0,18069,8069,100.0,2.44,2.18,15.07,"ГРАВИТАЦИОННЫЙ РАЗВОРОТ"
79.0,21940.1,71.0,659.14,5.25,659.16,89.2,0.0,17916,7916,100.0,2.47,2.22,14.20,"ГРАВИТАЦИОННЫЙ РАЗВОРОТ"
80.0,22606.5,76.5,673.76,5.60,673.78,89.2,0.0,17763,7763,100.0,2.50,2.27,13.34,"ГРАВИТАЦИОННЫЙ РАЗВОРОТ"
81.0,23287.7,82.2,688.65,5.96,688.67,89.1,0.0,17610,7610,100.0,2.52,2.32,12.51,"ГРАВИТАЦИОННЫЙ РАЗВОРОТ"
82.0,23983.9,88.4,703.81,6.35,703.84,89.1,0.0,17457,7457,100.0,2.55,2.36,11.69,"ГРАВИТАЦИОННЫЙ РАЗВОРОТ"
83.0,24695.4,94.9,719.25,6.75,719.28,89.1,0.0,17305,7305,100.0,2.58,2.41,10.90,"ГРАВИТАЦИОННЫЙ РАЗВОРОТ"
84.0,25422.5,101.9,734.96,7.18,734.99,89.0,0.0,17152,7152,100.0,2.61,2.46,10.16,"ГРАВИТАЦИОННЫЙ РАЗВОРОТ"
85.0,26165.4,109.3,750.95,7.64,750.99,89.0,0.0,16999,6999,100.0,2.64,2.51,9.44,"ГРАВИТАЦИОННЫЙ РАЗВОРОТ"
86.0,26924.5,117.2,767.23,8.11,767.27,88.9,0.0,16846,6846,100.0,2.67,2.56,8.76,"ГРАВИТАЦИОННЫЙ РАЗВОРОТ"
87.0,27699.9,125.5,783.79,8.62,783.83,88.9,0.0,16693,6693,100.0,2.69,2.61,8.10,"ГРАВИТАЦИОННЫЙ РАЗВОРОТ"
88.0,28492.1,134.4,800.63,9.15,800.69,88.8,0.0,16540,6540,100.0,2.72,2.66,7.47,"ГРАВИТАЦИОННЫЙ РАЗВОРОТ"
89.0,29301.3,143.9,817.77,9.71,817.83,88.8,0.0,16387,6387,100.0,2.75,2.71,6.87,"ГРАВИТАЦИОННЫЙ РАЗВОРОТ"
90.0,30127.8,153.9,835.20,10.30,835.27,88.7,0.0,16234,6234,100.0,2.78,2.77,6.31,"ГРАВИТАЦИОННЫЙ РАЗВОРОТ"
91.0,30971.8,164.5,852.93,10.92,853.00,88.7,0.0,16081,6081,100.0,2.81,2.81,5.78,"ГРАВИТАЦИОННЫЙ РАЗВОРОТ"
92.0,31833.7,175.7,870.96,11.58,871.03,88.6,0.0,15928,5928,100.0,2.84,2.86,5.29,"ГРАВИТАЦИОННЫЙ РАЗВОРОТ"
93.0,32713.8,187.6,889.29,12.27,889.37,88.6,0.0,15775,5775,100.0,2.87,2.91,4.82,"ГРАВИТАЦИОННЫЙ РАЗВОРОТ"
94.0,33612.4,200.3,907.92,12.99,908.02,88.5,0.0,15622,5622,100.0,2.91,2.95,4.38,"ГРАВИТАЦИОННЫЙ РАЗВОРОТ"
95.0,34529.8,213.6,926.87,13.76,926.97,88.4,0.0,15469,5469,100.0,2.94,3.00,3.97,"ГРАВИТАЦИОННЫЙ РАЗВОРОТ"
96.0,35466.3,227.8,946.13,14.56,946.24,88.4,0.0,15316,5316,100.0,2.97,3.05,3.58,"ГРАВИТАЦИОННЫЙ РАЗВОРОТ"
97.0,36422.1,242.8,965.71,15.41,965.84,88.3,0.0,15163,5163,100.0,3.00,3.10,3.23,"ГРАВИТАЦИОННЫЙ РАЗВОРОТ"
98.0,37397.8,258.6,985.62,16.29,985.75,88.3,0.0,15010,5010,100.0,3.04,3.15,2.90,"ГРАВИТАЦИОННЫЙ РАЗВОРОТ"
99.0,38393.5,275.4,1005.85,17.23,1006.00,88.2,0.0,14857,4857,100.0,3.07,3.20,2.59,"ГРАВИТАЦИОННЫЙ РАЗВОРОТ"
100.0,39409.6,293.1,1026.42,18.21,1026.58,88.1,0.0,14704,4704,100.0,3.10,3.24,2.31,"ГРАВИТАЦИОННЫЙ РАЗВОРОТ"
101.0,40446.4,311.8,1047.32,19.25,1047.50,88.0,0.0,14551,4551,100.0,3.14,3.30,2.07,"ГРАВИТАЦИОННЫЙ РАЗВОРОТ"
102.0,41504.3,331.6,1068.56,20.33,1068.76,88.0,0.0,14398,4398,100.0,3.17,3.35,1.87,"ГРАВИТАЦИОННЫЙ РАЗВОРОТ"
103.0,42583.7,352.5,1090.15,21.48,1090.36,87.9,0.0,14245,4245,100.0,3.21,3.40,1.68,"ГРАВИТАЦИОННЫЙ РАЗВОРОТ"
104.0,43677.0,374.3,1089.85,21.83,1090.07,85.5,0.0,14200,4199,0.0,0.01,3.39,1.45,"ВЫХОД НА АПОГЕЙ C"
105.0,44762.0,396.1,1080.08,21.83,1080.30,85.5,0.0,14200,4199,0.0,0.01,3.34,1.23,"ВЫХОД НА АПОГЕЙ C"
106.0,45837.1,417.9,1070.32,21.83,1070.54,85.5,0.0,14200,4199,0.0,0.01,3.30,1.04,"ВЫХОД НА АПОГЕЙ C"
107.0,46902.6,439.8,1060.58,21.82,1060.81,85.5,0.0,14200,4199,0.0,0.01,3.26,0.89,"ВЫХОД НА АПОГЕЙ C"
108.0,47958.3,461.6,1050.86,21.82,1051.09,85.5,0.0,14200,4199,0.0,0.01,3.21,0.75,"ВЫХОД НА АПОГЕЙ C"
109.0,49004.3,483.4,1041.15,21.82,1041.38,85.5,0.0,14200,4199,0.0,0.00,3.17,0.64,"ВЫХОД НА АПОГЕЙ C"
110.0,50040.6,505.2,1031.45,21.82,1031.68,85.5,0.0,14200,4199,0.0,0.00,3.13,0.55,"ВЫХОД НА АПОГЕЙ C"
111.0,51067.2,527.0,1021.76,21.82,1021.99,85.5,0.0,14200,4199,0.0,0.00,3.11,0.47,"ВЫХОД НА АПОГЕЙ C"
112.0,52084.1,548.9,1012.08,21.82,1012.31,85.5,0.0,14200,4199,0.0,0.00,3.10,0.41,"ВЫХОД НА АПОГЕЙ C"
113.0,53091.4,570.7,1002.40,21.82,1002.64,85.5,0.0,14200,4199,0.0,0.00,3.08,0.36,"ВЫХОД НА АПОГЕЙ C"
114.0,54089.0,592.5,992.73,21.82,992.97,85.5,0.0,14200,4199,0.0,0.00,3.07,0.31,"ВЫХОД НА АПОГЕЙ C"
115.0,55076.8,614.3,983.07,21.82,983.31,85.5,0.0,14200,4199,0.0,0.00,3.05,0.27,"ВЫХОД НА АПОГЕЙ C"
116.0,56055.1,636.1,973.41,21.82,973.66,85.5,0.0,14200,4199,0.0,0.00,3.03,0.24,"ВЫХОД НА АПОГЕЙ C"
117.0,57023.7,657.9,963.76,21.82,964.01,85.5,0.0,14200,4199,0.0,0.00,3.02,0.21,"ВЫХОД НА АПОГЕЙ C"
118.0,57982.6,679.8,954.11,21.82,954.36,85.5,0.0,14200,4199,0.0,0.00,3.00,0.18,"ВЫХОД НА АПОГЕЙ C"
119.0,58931.9,701.6,944.47,21.82,944.72,85.5,0.0,14200,4199,0.0,0.00,2.98,0.16,"ВЫХОД НА АПОГЕЙ C"
120.0,59871.6,723.4,934.83,21.82,935.09,85.5,0.0,14200,4199,0.0,0.00,2.97,0.14,"ВЫХОД НА АПОГЕЙ C"
121.0,60801.6,745.2,925.20,21.82,925.46,85.5,0.0,14200,4199,0.0,0.00,2.95,0.12,"ВЫХОД НА АПОГЕЙ C"
122.0,61722.0,767.0,915.57,21.82,915.83,85.5,0.0,14200,4199,0.0,0.00,2.94,0.10,"ВЫХОД НА АПОГЕЙ C"
123.0,62632.7,788.8,905.95,21.82,906.21,85.5,0.0,14200,4199,0.0,0.00,2.92,0.09,"ВЫХОД НА АПОГЕЙ C"
124.0,63533.9,810.7,896.33,21.81,896.59,85.5,0.0,14200,4199,0.0,0.00,2.90,0.08,"ВЫХОД НА АПОГЕЙ C"
125.0,64425.4,832.5,886.71,21.81,886.98,85.5,0.0,14200,4199,0.0,0.00,2.89,0.07,"ВЫХОД НА АПОГЕЙ C"
126.0,65307.3,854.3,877.09,21.81,877.36,85.5,0.0,14200,4199,0.0,0.00,2.87,0.06,"ВЫХОД НА АПОГЕЙ C"
127.0,66179.6,876.1,867.48,21.81,867.76,85.5,0.0,14200,4199,0.0,0.00,2.86,0.05,"ВЫХОД НА АПОГЕЙ C"
128.0,67042.2,897.9,857.87,21.81,858.15,85.5,0.0,14200,4199,0.0,0.00,2.84,0.05,"ВЫХОД НА АПОГЕЙ C"
129.0,67895.3,919.7,848.27,21.81,848.55,85.5,0.0,14200,4199,0.0,0.00,2.82,0.04,"ВЫХОД НА АПОГЕЙ C"
130.0,68738.8,941.5,838.66,21.81,838.95,85.5,0.0,14200,4199,0.0,0.00,2.80,0.03,"ВЫХОД НА АПОГЕЙ C"
131.0,69572.6,963.4,829.06,21.81,829.35,85.5,0.0,14200,4199,0.0,0.00,2.79,0.03,"ВЫХОД НА АПОГЕЙ C"
132.0,70396.9,985.2,819.47,21.81,819.76,85.5,0.0,14200,4199,0.0,0.00,2.77,0.03,"ВЫХОД НА АПОГЕЙ C"
133.0,71211.6,1007.0,809.87,21.81,810.17,85.5,0.0,14200,4199,0.0,0.00,2.74,0.02,"ВЫХОД НА АПОГЕЙ C"
134.0,72016.6,1028.8,800.28,21.81,800.58,85.5,0.0,14200,4199,0.0,0.00,2.72,0.02,"ВЫХОД НА АПОГЕЙ C"
135.0,72812.1,1050.6,790.69,21.81,790.99,85.5,0.0,14200,4199,0.0,0.00,2.70,0.02,"ВЫХОД НА АПОГЕЙ C"
136.0,73598.0,1072.4,781.11,21.81,781.41,85.5,0.0,14200,4199,0.0,0.00,2.68,0.01,"ВЫХОД НА АПОГЕЙ C"
137.0,74374.3,1094.2,771.52,21.81,771.83,85.5,0.0,14200,4199,0.0,0.00,2.66,0.01,"ВЫХОД НА АПОГЕЙ C"
138.0,75141.1,1116.1,761.94,21.81,762.25,85.5,0.0,14200,4199,0.0,0.00,2.63,0.01,"ВЫХОД НА АПОГЕЙ C"
139.0,75898.2,1137.9,752.36,21.81,752.68,85.5,0.0,14200,4199,0.0,0.00,2.61,0.01,"ВЫХОД НА АПОГЕЙ C"
140.0,76645.8,1159.7,742.79,21.81,743.11,85.5,0.0,14200,4199,0.0,0.00,2.59,0.01,"ВЫХОД НА АПОГЕЙ C"
141.0,77383.8,1181.5,733.21,21.81,733.54,85.5,0.0,14200,4199,0.0,0.00,2.56,0.01,"ВЫХОД НА АПОГЕЙ C"
142.0,78112.2,1203.3,723.64,21.81,723.97,85.5,0.0,14200,4199,0.0,0.00,2.54,0.01,"ВЫХОД НА АПОГЕЙ C"
143.0,78831.1,1225.1,714.07,21.81,714.40,85.5,0.0,14200,4199,0.0,0.00,2.51,0.01,"ВЫХОД НА АПОГЕЙ C"
144.0,79540.4,1246.9,704.50,21.81,704.84,85.5,0.0,14200,4199,0.0,0.00,2.49,0.00,"ВЫХОД НА АПОГЕЙ C"
145.0,80240.1,1268.8,694.94,21.81,695.28,85.5,0.0,14200,4199,0.0,0.00,2.46,0.00,"ВЫХОД НА АПОГЕЙ C"
146.0,80930.2,1290.6,685.37,21.81,685.72,85.5,0.0,14200,4199,0.0,0.00,2.43,0.00,"ВЫХОД НА АПОГЕЙ C"
147.0,81610.8,1312.4,675.81,21.81,676.16,85.5,0.0,14200,4199,0.0,0.00,2.41,0.00,"ВЫХОД НА АПОГЕЙ C"
148.0,82281.9,1334.2,666.25,21.81,666.61,85.5,0.0,14200,4199,0.0,0.00,2.38,0.00,"ВЫХОД НА АПОГЕЙ C"
149.0,82943.3,1356.0,656.69,21.81,657.06,85.5,0.0,14200,4199,0.0,0.00,2.35,0.00,"ВЫХОД НА АПОГЕЙ C"
150.0,83595.3,1377.8,647.14,21.81,647.51,85.5,0.0,14200,4199,0.0,0.00,2.32,0.00,"ВЫХОД НА АПОГЕЙ C"
151.0,84237.6,1399.6,637.59,21.81,637.96,85.5,0.0,14200,4199,0.0,0.00,2.29,0.00,"ВЫХОД НА АПОГЕЙ C"
152.0,84870.4,1421.5,628.03,21.81,628.41,85.5,0.0,14200,4199,0.0,0.00,2.26,0.00,"ВЫХОД НА АПОГЕЙ C"
153.0,85493.7,1443.3,618.48,21.81,618.87,85.5,0.0,14200,4199,0.0,0.00,2.23,0.00,"ВЫХОД НА АПОГЕЙ C"
154.0,86107.4,1465.1,608.94,21.81,609.33,85.5,0.0,14200,4199,0.0,0.00,2.20,0.00,"ВЫХОД НА АПОГЕЙ C"
155.0,86711.6,1486.9,599.39,21.81,599.79,85.5,0.0,14200,4199,0.0,0.00,2.17,0.00,"ВЫХОД НА АПОГЕЙ C"
156.0,87306.2,1508.7,589.85,21.81,590.25,85.5,0.0,14200,4199,0.0,0.00,2.14,0.00,"ВЫХОД НА АПОГЕЙ C"
157.0,87891.3,1530.5,580.30,21.81,580.71,85.5,0.0,14200,4199,0.0,0.00,2.11,0.00,"ВЫХОД НА АПОГЕЙ C"
158.0,88466.8,1552.3,570.76,21.81,571.18,85.5,0.0,14200,4199,0.0,0.00,2.08,0.00,"ВЫХОД НА АПОГЕЙ C"
159.0,89032.8,1574.1,561.22,21.81,561.65,85.5,0.0,14200,4199,0.0,0.00,2.05,0.00,"ВЫХОД НА АПОГЕЙ C"
160.0,89589.2,1596.0,551.69,21.81,552.12,85.5,0.0,14200,4199,0.0,0.00,2.01,0.00,"ВЫХОД НА АПОГЕЙ C"
161.0,90136.2,1617.8,542.15,21.81,542.59,85.5,0.0,14200,4199,0.0,0.00,1.98,0.00,"ВЫХОД НА АПОГЕЙ C"
162.0,90673.5,1639.6,532.62,21.81,533.06,85.5,0.0,14200,4199,0.0,0.00,1.94,0.00,"ВЫХОД НА АПОГЕЙ C"
163.0,91201.4,1661.4,523.08,21.81,523.54,85.5,0.0,14200,4199,0.0,0.00,1.91,0.00,"ВЫХОД НА АПОГЕЙ C"
164.0,91719.7,1683.2,513.55,21.81,514.02,85.5,0.0,14200,4199,0.0,0.00,1.87,0.00,"ВЫХОД НА АПОГЕЙ C"
165.0,92228.5,1705.0,504.02,21.81,504.50,85.5,0.0,14200,4199,0.0,0.00,1.83,0.00,"ВЫХОД НА АПОГЕЙ C"
166.0,92727.8,1726.8,494.50,21.81,494.98,85.5,0.0,14200,4199,0.0,0.00,1.80,0.00,"ВЫХОД НА АПОГЕЙ C"
167.0,93217.5,1748.7,484.97,21.81,485.46,85.5,0.0,14200,4199,0.0,0.00,1.76,0.00,"ВЫХОД НА АПОГЕЙ C"
168.0,93697.7,1770.5,475.44,21.81,475.94,85.5,0.0,14200,4199,0.0,0.00,1.72,0.00,"ВЫХОД НА АПОГЕЙ C"
169.0,94168.4,1792.3,465.92,21.81,466.43,85.5,0.0,14200,4199,0.0,0.00,1.69,0.00,"ВЫХОД НА АПОГЕЙ C"
170.0,94629.5,1814.1,456.40,21.81,456.92,85.5,0.0,14200,4199,0.0,0.00,1.65,0.00,"ВЫХОД НА АПОГЕЙ C"
171.0,95081.2,1835.9,446.88,21.81,447.41,85.5,0.0,14200,4199,0.0,0.00,1.61,0.00,"ВЫХОД НА АПОГЕЙ C"
172.0,95523.3,1857.7,437.36,21.81,437.90,85.5,0.0,14200,4199,0.0,0.00,1.58,0.00,"ВЫХОД НА АПОГЕЙ C"
173.0,95955.9,1879.5,427.84,21.81,428.39,85.5,0.0,14200,4199,0.0,0.00,1.54,0.00,"ВЫХОД НА АПОГЕЙ C"
174.0,96379.0,1901.4,418.32,21.81,418.89,85.5,0.0,14200,4199,0.0,0.00,1.50,0.00,"ВЫХОД НА АПОГЕЙ C"
175.0,96792.5,1923.2,408.81,21.81,409.39,85.5,0.0,14200,4199,0.0,0.00,1.47,0.00,"ВЫХОД НА АПОГЕЙ C"
176.0,97196.6,1945.0,399.29,21.81,399.89,85.5,0.0,14200,4199,0.0,0.00,1.43,0.00,"ВЫХОД НА АПОГЕЙ C"
177.0,97591.1,1966.8,389.78,21.81,390.39,85.5,0.0,14200,4199,0.0,0.00,1.40,0.00,"ВЫХОД НА АПОГЕЙ C"
178.0,97976.1,1988.6,380.26,21.81,380.89,85.5,0.0,14200,4199,0.0,0.00,1.36,0.00,"ВЫХОД НА АПОГЕЙ C"
179.0,98351.6,2010.4,370.75,21.81,371.39,85.5,0.0,14200,4199,0.0,0.00,1.33,0.00,"ВЫХОД НА АПОГЕЙ C"
180.0,98717.6,2032.2,361.24,21.81,361.90,85.5,0.0,14200,4199,0.0,0.00,1.29,0.00,"ВЫХОД НА АПОГЕЙ C"
181.0,99074.1,2054.1,351.73,21.81,352.41,85.5,0.0,14200,4199,0.0,0.00,1.26,0.00,"ВЫХОД НА АПОГЕЙ C"
182.0,99421.1,2075.9,342.23,21.81,342.92,85.5,0.0,14200,4199,0.0,0.00,1.22,0.00,"ВЫХОД НА АПОГЕЙ C"
183.0,99758.6,2097.7,332.72,21.81,333.43,85.5,0.0,14200,4199,0.0,0.00,1.19,0.00,"ВЫХОД НА АПОГЕЙ C"
184.0,100086.5,2119.5,323.21,21.81,323.95,85.5,0.0,14200,4199,0.0,0.00,1.15,0.00,"ОТКРЫТЫЙ КОСМОС (>100 км)"
185.0,100405.0,2141.3,313.71,21.81,314.46,85.5,0.0,14200,4199,0.0,0.00,1.11,0.00,"ОТКРЫТЫЙ КОСМОС (>100 км)"
186.0,100714.0,2163.1,304.20,21.81,304.98,85.5,0.0,14200,4199,0.0,0.00,1.07,0.00,"ОТКРЫТЫЙ КОСМОС (>100 км)"
187.0,101013.4,2184.9,294.70,21.81,295.51,85.5,0.0,14200,4199,0.0,0.00,1.04,0.00,"ОТКРЫТЫЙ КОСМОС (>100 км)"
188.0,101303.4,2206.8,285.20,21.81,286.03,85.5,0.0,14200,4199,0.0,0.00,1.00,0.00,"ОТКРЫТЫЙ КОСМОС (>100 км)"
189.0,101583.8,2228.6,275.70,21.81,276.56,85.5,0.0,14200,4199,0.0,0.00,0.96,0.00,"ОТКРЫТЫЙ КОСМОС (>100 км)"
190.0,101854.8,2250.4,266.19,21.81,267.09,85.5,0.0,14200,4199,0.0,0.00,0.92,0.00,"ОТКРЫТЫЙ КОСМОС (>100 км)"
191.0,102116.2,2272.2,256.69,21.81,257.62,85.5,0.0,14200,4199,0.0,0.00,0.89,0.00,"ОТКРЫТЫЙ КОСМОС (>100 км)"
192.0,102368.1,2294.0,247.20,21.81,248.16,85.5,0.0,14200,4199,0.0,0.00,0.85,0.00,"ОТКРЫТЫЙ КОСМОС (>100 км)"
193.0,102610.6,2315.8,237.70,21.81,238.70,85.5,0.0,14200,4199,0.0,0.00,0.82,0.00,"ОТКРЫТЫЙ КОСМОС (>100 км)"
194.0,102843.5,2337.6,228.20,21.81,229.24,85.5,0.0,14200,4199,0.0,0.00,0.78,0.00,"ОТКРЫТЫЙ КОСМОС (>100 км)"
195.0,103067.0,2359.4,218.70,21.81,219.79,85.5,0.0,14200,4199,0.0,0.00,0.75,0.00,"ОТКРЫТЫЙ КОСМОС (>100 км)"
196.0,103280.9,2381.3,209.21,21.81,210.34,85.5,0.0,14200,4199,0.0,0.00,0.71,0.00,"ОТКРЫТЫЙ КОСМОС (>100 км)"
197.0,103485.4,2403.1,199.71,21.81,200.90,85.5,0.0,14200,4199,0.0,0.00,0.68,0.00,"ОТКРЫТЫЙ КОСМОС (>100 км)"
198.0,103680.4,2424.9,190.21,21.81,191.46,85.5,0.0,14200,4199,0.0,0.00,0.65,0.00,"ОТКРЫТЫЙ КОСМОС (>100 км)"
199.0,103865.8,2446.7,180.72,21.81,182.03,85.5,0.0,14200,4199,0.0,0.00,0.61,0.00,"ОТКРЫТЫЙ КОСМОС (>100 км)"
200.0,104041.8,2468.5,171.22,21.81,172.61,85.5,0.0,14200,4199,0.0,0.00,0.58,0.00,"ОТКРЫТЫЙ КОСМОС (>100 км)"
201.0,104208.3,2490.3,161.73,21.81,163.20,85.5,0.0,14200,4199,0.0,0.00,0.55,0.00,"ОТКРЫТЫЙ КОСМОС (>100 км)"
202.0,104365.3,2512.1,152.24,21.81,153.79,85.5,0.0,14200,4199,0.0,0.00,0.51,0.00,"ОТКРЫТЫЙ КОСМОС (>100 км)"
203.0,104512.7,2534.0,142.74,21.81,144.40,85.5,0.0,14200,4199,0.0,0.00,0.48,0.00,"ОТКРЫТЫЙ КОСМОС (>100 км)"
204.0,104650.7,2555.8,133.25,21.81,135.03,85.5,0.0,14200,4199,0.0,0.00,0.45,0.00,"ОТКРЫТЫЙ КОСМОС (>100 км)"
205.0,104779.3,2577.6,123.76,21.81,125.67,85.5,0.0,14200,4199,0.0,0.00,0.42,0.00,"ОТКРЫТЫЙ КОСМОС (>100 км)"
206.0,104898.3,2599.4,114.27,21.81,116.33,85.5,0.0,14200,4199,0.0,0.00,0.39,0.00,"ОТКРЫТЫЙ КОСМОС (>100 км)"
207.0,105007.8,2621.2,104.78,21.81,107.02,85.5,0.0,14200,4199,0.0,0.00,0.35,0.00,"ОТКРЫТЫЙ КОСМОС (>100 км)"
208.0,105107.8,2643.0,95.29,21.81,97.75,85.5,0.0,14200,4199,0.0,0.00,0.32,0.00,"ОТКРЫТЫЙ КОСМОС (>100 км)"
209.0,105198.4,2664.8,85.80,21.81,88.52,85.5,0.0,14200,4199,0.0,0.00,0.29,0.00,"ОТКРЫТЫЙ КОСМОС (>100 км)"
210.0,105279.4,2686.7,76.30,21.81,79.36,85.5,0.0,14200,4199,0.0,0.00,0.26,0.00,"ОТКРЫТЫЙ КОСМОС (>100 км)"
211.0,105351.0,2708.5,66.81,21.81,70.29,85.5,0.0,14200,4199,0.0,0.00,0.23,0.00,"ОТКРЫТЫЙ КОСМОС (>100 км)"
212.0,105413.0,2730.3,57.32,21.81,61.33,85.5,0.0,14200,4199,0.0,0.00,0.20,0.00,"ОТКРЫТЫЙ КОСМОС (>100 км)"
213.0,105465.6,2752.1,47.83,21.81,52.57,85.5,0.0,14200,4199,0.0,0.00,0.17,0.00,"ОТКРЫТЫЙ КОСМОС (>100 км)"
214.0,105508.7,2773.9,38.34,21.81,44.12,85.5,0.0,14200,4199,0.0,0.00,0.15,0.00,"ОТКРЫТЫЙ КОСМОС (>100 км)"
215.0,105542.3,2795.7,28.85,21.81,36.17,85.5,0.0,14200,4199,0.0,0.00,0.12,0.00,"ОТКРЫТЫЙ КОСМОС (>100 км)"
216.0,105566.4,2817.5,19.37,21.81,29.17,85.5,0.0,14200,4199,0.0,0.00,0.10,0.00,"ОТКРЫТЫЙ КОСМОС (>100 км)"
217.0,105581.0,2839.4,9.88,21.81,23.95,85.5,0.0,14200,4199,0.0,0.00,0.08,0.00,"ОТКРЫТЫЙ КОСМОС (>100 км)"
218.0,105586.2,2861.2,0.39,21.81,21.82,87.7,0.0,14200,4199,0.0,0.00,0.07,0.00,"АПОГЕЙ C: РАЗВОРОТ RCS"
219.0,105581.8,2883.0,-9.10,21.81,23.64,90.0,0.0,14200,4199,0.0,0.00,0.08,0.00,"АПОГЕЙ C: РАЗВОРОТ RCS"
220.0,105568.0,2904.8,-18.59,21.81,28.66,90.0,0.0,14200,4199,0.0,0.00,0.09,0.00,"АПОГЕЙ C: РАЗВОРОТ RCS"
221.0,105544.6,2926.6,-28.08,21.81,35.56,90.0,0.0,14200,4199,0.0,0.00,0.12,0.00,"АПОГЕЙ C: РАЗВОРОТ RCS"
222.0,105511.8,2948.4,-37.57,21.81,43.45,90.0,0.0,14200,4199,0.0,0.00,0.14,0.00,"АПОГЕЙ C: РАЗВОРОТ RCS"
223.0,105469.5,2970.2,-47.06,21.81,51.87,90.0,0.0,14200,4199,0.0,0.00,0.17,0.00,"АПОГЕЙ C: РАЗВОРОТ RCS"
224.0,105417.7,2992.0,-56.55,21.81,60.61,90.0,0.0,14200,4199,0.0,0.00,0.20,0.00,"АПОГЕЙ C: РАЗВОРОТ RCS"
225.0,105356.4,3013.9,-66.04,21.81,69.55,90.0,0.0,14200,4199,0.0,0.00,0.23,0.00,"АПОГЕЙ C: РАЗВОРОТ RCS"
226.0,105285.6,3035.7,-75.53,21.81,78.62,90.0,0.0,14200,4199,0.0,0.00,0.26,0.00,"АПОГЕЙ C: РАЗВОРОТ RCS"
227.0,105205.3,3057.5,-85.02,21.81,87.78,90.0,0.0,14200,4199,0.0,0.00,0.29,0.00,"АПОГЕЙ C: РАЗВОРОТ RCS"
228.0,105115.5,3079.3,-94.51,21.81,97.00,90.0,0.0,14200,4199,0.0,0.00,0.32,0.00,"АПОГЕЙ C: РАЗВОРОТ RCS"
229.0,105016.3,3101.1,-104.00,21.81,106.27,90.0,0.0,14200,4199,0.0,0.00,0.35,0.00,"АПОГЕЙ C: РАЗВОРОТ RCS"
230.0,104907.5,3122.9,-113.50,21.81,115.57,90.0,0.0,14200,4199,0.0,0.00,0.38,0.00,"АПОГЕЙ C: РАЗВОРОТ RCS"
231.0,104789.3,3144.7,-122.99,21.81,124.91,90.0,0.0,14200,4199,0.0,0.00,0.41,0.00,"АПОГЕЙ C: РАЗВОРОТ RCS"
232.0,104661.6,3166.6,-132.48,21.81,134.26,90.0,0.0,14200,4199,0.0,0.00,0.45,0.00,"АПОГЕЙ C: РАЗВОРОТ RCS"
233.0,104524.3,3188.4,-141.97,21.81,143.64,90.0,0.0,14200,4199,0.0,0.00,0.48,0.00,"АПОГЕЙ C: РАЗВОРОТ RCS"
234.0,104377.6,3210.2,-151.46,21.81,153.03,90.0,0.0,14200,4199,0.0,0.00,0.51,0.00,"АПОГЕЙ C: РАЗВОРОТ RCS"
235.0,104221.4,3232.0,-160.96,21.81,162.43,90.0,0.0,14200,4199,0.0,0.00,0.54,0.00,"АПОГЕЙ C: РАЗВОРОТ RCS"
236.0,104055.7,3253.8,-170.45,21.81,171.84,90.0,0.0,14200,4199,0.0,0.00,0.58,0.00,"АПОГЕЙ C: РАЗВОРОТ RCS"
237.0,103880.5,3275.6,-179.95,21.81,181.26,90.0,0.0,14200,4199,0.0,0.00,0.61,0.00,"АПОГЕЙ C: РАЗВОРОТ RCS"
238.0,103695.8,3297.4,-189.44,21.81,190.69,90.0,0.0,14200,4199,0.0,0.00,0.64,0.00,"АПОГЕЙ C: РАЗВОРОТ RCS"
239.0,103501.6,3319.3,-198.94,21.81,200.13,90.0,0.0,14200,4199,0.0,0.00,0.68,0.00,"АПОГЕЙ C: РАЗВОРОТ RCS"
240.0,103297.9,3341.1,-208.43,21.81,209.57,90.0,0.0,14200,4199,0.0,0.00,0.71,0.00,"АПОГЕЙ C: РАЗВОРОТ RCS"
241.0,103084.8,3362.9,-217.93,21.81,219.02,90.0,0.0,14200,4199,0.0,0.00,0.74,0.00,"АПОГЕЙ C: РАЗВОРОТ RCS"
242.0,102862.1,3384.7,-227.43,21.81,228.47,90.0,0.0,14200,4199,0.0,0.00,0.78,0.00,"АПОГЕЙ C: РАЗВОРОТ RCS"
243.0,102629.9,3406.5,-236.92,21.81,237.93,90.0,0.0,14200,4199,0.0,0.00,0.81,0.00,"АПОГЕЙ C: РАЗВОРОТ RCS"
244.0,102388.2,3428.3,-246.42,21.81,247.39,90.0,0.0,14200,4199,0.0,0.00,0.85,0.00,"АПОГЕЙ C: РАЗВОРОТ RCS"
245.0,102137.1,3450.1,-255.92,21.81,256.85,90.0,0.0,14200,4199,0.0,0.00,0.88,0.00,"АПОГЕЙ C: РАЗВОРОТ RCS"
246.0,101876.4,3472.0,-265.42,21.81,266.32,90.0,0.0,14200,4199,0.0,0.00,0.92,0.00,"АПОГЕЙ C: РАЗВОРОТ RCS"
247.0,101606.2,3493.8,-274.92,21.81,275.79,90.0,0.0,14200,4199,0.0,0.00,0.96,0.00,"АПОГЕЙ C: РАЗВОРОТ RCS"
248.0,101326.5,3515.6,-284.42,21.81,285.26,90.0,0.0,14200,4199,0.0,0.00,0.99,0.00,"АПОГЕЙ C: РАЗВОРОТ RCS"
249.0,101037.4,3537.4,-293.93,21.81,294.73,90.0,0.0,14200,4199,0.0,0.00,1.03,0.00,"АПОГЕЙ C: РАЗВОРОТ RCS"
250.0,100738.7,3559.2,-303.43,21.81,304.21,90.0,0.0,14200,4199,0.0,0.00,1.07,0.00,"АПОГЕЙ C: РАЗВОРОТ RCS"
251.0,100430.5,3581.0,-312.93,21.81,313.69,90.0,0.0,14200,4199,0.0,0.00,1.11,0.00,"АПОГЕЙ C: РАЗВОРОТ RCS"
252.0,100112.8,3602.8,-322.44,21.81,323.18,90.0,0.0,14200,4199,0.0,0.00,1.15,0.00,"АПОГЕЙ C: РАЗВОРОТ RCS"
253.0,99785.6,3624.6,-331.94,21.81,332.66,90.0,0.0,14200,4199,0.0,0.00,1.18,0.00,"АЭРОДИНАМИЧЕСКИЙ СПУСК"
254.0,99448.9,3646.5,-341.45,21.81,342.15,90.0,0.0,14200,4199,0.0,0.00,1.22,0.00,"АЭРОДИНАМИЧЕСКИЙ СПУСК"
255.0,99102.7,3668.3,-350.96,21.81,351.64,90.0,0.0,14200,4199,0.0,0.00,1.25,0.00,"АЭРОДИНАМИЧЕСКИЙ СПУСК"
256.0,98747.0,3690.1,-360.47,21.81,361.13,90.0,0.0,14200,4199,0.0,0.00,1.29,0.00,"АЭРОДИНАМИЧЕСКИЙ СПУСК"
257.0,98381.8,3711.9,-369.98,21.81,370.62,90.0,0.0,14200,4199,0.0,0.00,1.32,0.00,"АЭРОДИНАМИЧЕСКИЙ СПУСК"
258.0,98007.1,3733.7,-379.49,21.81,380.12,90.0,0.0,14200,4199,0.0,0.00,1.36,0.00,"АЭРОДИНАМИЧЕСКИЙ СПУСК"
259.0,97622.8,3755.5,-389.00,21.81,389.61,90.0,0.0,14200,4199,0.0,0.00,1.39,0.00,"АЭРОДИНАМИЧЕСКИЙ СПУСК"
260.0,97229.1,3777.3,-398.52,21.81,399.11,90.0,0.0,14200,4199,0.0,0.00,1.43,0.00,"АЭРОДИНАМИЧЕСКИЙ СПУСК"
261.0,96825.8,3799.2,-408.03,21.81,408.61,90.0,0.0,14200,4199,0.0,0.00,1.46,0.00,"АЭРОДИНАМИЧЕСКИЙ СПУСК"
262.0,96413.0,3821.0,-417.55,21.81,418.12,90.0,0.0,14200,4199,0.0,0.00,1.50,0.00,"АЭРОДИНАМИЧЕСКИЙ СПУСК"
263.0,95990.7,3842.8,-427.06,21.81,427.62,90.0,0.0,14200,4199,0.0,0.00,1.54,0.00,"АЭРОДИНАМИЧЕСКИЙ СПУСК"
264.0,95558.9,3864.6,-436.58,21.81,437.13,90.0,0.0,14200,4199,0.0,0.00,1.57,0.00,"АЭРОДИНАМИЧЕСКИЙ СПУСК"
265.0,95117.5,3886.4,-446.10,21.81,446.63,90.0,0.0,14200,4199,0.0,0.00,1.61,0.00,"АЭРОДИНАМИЧЕСКИЙ СПУСК"
266.0,94666.7,3908.2,-455.62,21.81,456.14,90.0,0.0,14200,4199,0.0,0.00,1.64,0.00,"АЭРОДИНАМИЧЕСКИЙ СПУСК"
267.0,94206.3,3930.0,-465.14,21.81,465.66,90.0,0.0,14200,4199,0.0,0.00,1.68,0.00,"АЭРОДИНАМИЧЕСКИЙ СПУСК"
268.0,93736.4,3951.9,-474.67,21.81,475.17,90.0,0.0,14200,4199,0.0,0.00,1.72,0.00,"АЭРОДИНАМИЧЕСКИЙ СПУСК"
269.0,93256.9,3973.7,-484.19,21.81,484.68,90.0,0.0,14200,4199,0.0,0.00,1.75,0.00,"АЭРОДИНАМИЧЕСКИЙ СПУСК"
270.0,92768.0,3995.5,-493.72,21.81,494.20,90.0,0.0,14200,4199,0.0,0.00,1.79,0.00,"АЭРОДИНАМИЧЕСКИЙ СПУСК"
271.0,92269.5,4017.3,-503.25,21.81,503.72,90.0,0.0,14200,4199,0.0,0.00,1.83,0.00,"АЭРОДИНАМИЧЕСКИЙ СПУСК"
272.0,91761.5,4039.1,-512.78,21.81,513.24,90.0,0.0,14200,4199,0.0,0.00,1.86,0.00,"АЭРОДИНАМИЧЕСКИЙ СПУСК"
273.0,91244.0,4060.9,-522.31,21.81,522.76,90.0,0.0,14200,4199,0.0,0.00,1.90,0.00,"АЭРОДИНАМИЧЕСКИЙ СПУСК"
274.0,90716.9,4082.7,-531.84,21.81,532.29,90.0,0.0,14200,4199,0.0,0.00,1.94,0.00,"АЭРОДИНАМИЧЕСКИЙ СПУСК"
275.0,90180.3,4104.6,-541.37,21.81,541.81,90.0,0.0,14200,4199,0.0,0.00,1.98,0.00,"АЭРОДИНАМИЧЕСКИЙ СПУСК"
276.0,89634.1,4126.4,-550.91,21.81,551.34,90.0,0.0,14200,4199,0.0,0.00,2.01,0.00,"АЭРОДИНАМИЧЕСКИЙ СПУСК"
277.0,89078.5,4148.2,-560.45,21.81,560.87,90.0,0.0,14200,4199,0.0,0.00,2.04,0.00,"АЭРОДИНАМИЧЕСКИЙ СПУСК"
278.0,88513.2,4170.0,-569.99,21.81,570.40,90.0,0.0,14200,4199,0.0,0.00,2.07,0.00,"АЭРОДИНАМИЧЕСКИЙ СПУСК"
279.0,87938.5,4191.8,-579.53,21.81,579.94,90.0,0.0,14200,4199,0.0,0.00,2.10,0.00,"АЭРОДИНАМИЧЕСКИЙ СПУСК"
280.0,87354.2,4213.6,-589.07,21.81,589.47,90.0,0.0,14200,4199,0.0,0.00,2.13,0.00,"АЭРОДИНАМИЧЕСКИЙ СПУСК"
281.0,86760.3,4235.4,-598.61,21.81,599.01,90.0,0.0,14200,4199,0.0,0.00,2.16,0.00,"АЭРОДИНАМИЧЕСКИЙ СПУСК"
282.0,86157.0,4257.2,-608.16,21.81,608.55,90.0,0.0,14200,4199,0.0,0.00,2.19,0.00,"АЭРОДИНАМИЧЕСКИЙ СПУСК"
283.0,85544.0,4279.1,-617.71,21.81,618.09,90.0,0.0,14200,4199,0.0,0.00,2.22,0.00,"АЭРОДИНАМИЧЕСКИЙ СПУСК"
284.0,84921.5,4300.9,-627.25,21.81,627.63,90.0,0.0,14200,4199,0.0,0.00,2.25,0.00,"АЭРОДИНАМИЧЕСКИЙ СПУСК"
285.0,84289.5,4322.7,-636.81,21.81,637.18,90.0,0.0,14200,4199,0.0,0.00,2.28,0.00,"АЭРОДИНАМИЧЕСКИЙ СПУСК"
286.0,83647.9,4344.5,-646.36,21.81,646.73,90.0,0.0,14200,4199,0.0,0.00,2.31,0.00,"АЭРОДИНАМИЧЕСКИЙ СПУСК"
287.0,82996.8,4366.3,-655.91,21.81,656.28,90.0,0.0,14200,4199,0.0,0.00,2.34,0.00,"АЭРОДИНАМИЧЕСКИЙ СПУСК"
288.0,82336.1,4388.1,-665.47,21.81,665.83,90.0,0.0,14200,4199,0.0,0.00,2.37,0.00,"АЭРОДИНАМИЧЕСКИЙ СПУСК"
289.0,81665.9,4409.9,-675.03,21.81,675.38,90.0,0.0,14200,4199,0.0,0.00,2.40,0.00,"АЭРОДИНАМИЧЕСКИЙ СПУСК"
290.0,80986.0,4431.8,-684.59,21.81,684.94,90.0,0.0,14200,4199,0.0,0.00,2.43,0.00,"АЭРОДИНАМИЧЕСКИЙ СПУСК"
291.0,80296.7,4453.6,-694.15,21.81,694.50,90.0,0.0,14200,4199,0.0,0.00,2.46,0.00,"АЭРОДИНАМИЧЕСКИЙ СПУСК"
292.0,79597.7,4475.4,-703.72,21.81,704.06,90.0,0.0,14200,4199,0.0,0.00,2.49,0.00,"АЭРОДИНАМИЧЕСКИЙ СПУСК"
293.0,78889.2,4497.2,-713.28,21.81,713.62,90.0,0.0,14200,4199,0.0,0.00,2.51,0.01,"АЭРОДИНАМИЧЕСКИЙ СПУСК"
294.0,78171.2,4519.0,-722.85,21.81,723.18,90.0,0.0,14200,4199,0.0,0.00,2.54,0.01,"АЭРОДИНАМИЧЕСКИЙ СПУСК"
295.0,77443.5,4540.8,-732.42,21.81,732.75,90.0,0.0,14200,4199,0.0,0.00,2.56,0.01,"АЭРОДИНАМИЧЕСКИЙ СПУСК"
296.0,76706.3,4562.6,-742.00,21.81,742.32,90.0,0.0,14200,4199,0.0,0.00,2.58,0.01,"АЭРОДИНАМИЧЕСКИЙ СПУСК"
297.0,75959.5,4584.5,-751.57,21.81,751.89,90.0,0.0,14200,4199,0.0,0.00,2.61,0.01,"АЭРОДИНАМИЧЕСКИЙ СПУСК"
298.0,75203.2,4606.3,-761.15,21.81,761.46,90.0,0.0,14200,4199,0.0,0.00,2.63,0.01,"АЭРОДИНАМИЧЕСКИЙ СПУСК"
299.0,74437.2,4628.1,-770.73,21.81,771.04,90.0,0.0,14200,4199,0.0,0.00,2.65,0.01,"АЭРОДИНАМИЧЕСКИЙ СПУСК"
300.0,73661.7,4649.9,-780.31,21.81,780.62,90.0,0.0,14200,4199,0.0,0.00,2.68,0.01,"АЭРОДИНАМИЧЕСКИЙ СПУСК"
301.0,72876.6,4671.7,-789.89,21.81,790.20,90.0,0.0,14200,4199,0.0,0.00,2.70,0.02,"АЭРОДИНАМИЧЕСКИЙ СПУСК"
302.0,72081.9,4693.5,-799.48,21.81,799.78,90.0,0.0,14200,4199,0.0,0.00,2.72,0.02,"АЭРОДИНАМИЧЕСКИЙ СПУСК"
303.0,71277.7,4715.3,-809.07,21.81,809.36,90.0,0.0,14200,4199,0.0,0.00,2.74,0.02,"АЭРОДИНАМИЧЕСКИЙ СПУСК"
304.0,70463.8,4737.2,-818.66,21.81,818.95,90.0,0.0,14200,4199,0.0,0.00,2.76,0.03,"АЭРОДИНАМИЧЕСКИЙ СПУСК"
305.0,69640.3,4759.0,-828.24,21.81,828.52,90.0,0.0,14200,4199,0.0,0.00,2.78,0.03,"АЭРОДИНАМИЧЕСКИЙ СПУСК"
306.0,68807.3,4780.8,-837.79,21.81,838.08,90.0,0.0,14200,4199,0.0,0.00,2.80,0.03,"АЭРОДИНАМИЧЕСКИЙ СПУСК"
307.0,67964.8,4802.6,-847.35,21.81,847.63,90.0,0.0,14200,4199,0.0,0.00,2.82,0.04,"АЭРОДИНАМИЧЕСКИЙ СПУСК"
308.0,67112.6,4824.4,-856.90,21.81,857.18,90.0,0.0,14200,4199,0.0,0.01,2.84,0.04,"АЭРОДИНАМИЧЕСКИЙ СПУСК"
309.0,66251.0,4846.2,-866.44,21.81,866.72,90.0,0.0,14200,4199,0.0,0.01,2.85,0.05,"АЭРОДИНАМИЧЕСКИЙ СПУСК"
310.0,65379.7,4868.0,-875.98,21.81,876.25,90.0,0.0,14200,4199,0.0,0.01,2.87,0.06,"АЭРОДИНАМИЧЕСКИЙ СПУСК"
311.0,64499.0,4889.8,-885.52,21.80,885.78,90.0,0.0,14200,4199,0.0,0.01,2.89,0.07,"АЭРОДИНАМИЧЕСКИЙ СПУСК"
312.0,63608.7,4911.6,-895.04,21.80,895.30,90.0,0.0,14200,4199,0.0,0.01,2.90,0.08,"АЭРОДИНАМИЧЕСКИЙ СПУСК"
313.0,62708.9,4933.4,-904.55,21.80,904.81,90.0,0.0,14200,4199,0.0,0.01,2.92,0.09,"АЭРОДИНАМИЧЕСКИЙ СПУСК"
314.0,61799.6,4955.2,-914.05,21.80,914.31,90.0,0.0,14200,4199,0.0,0.01,2.93,0.10,"АЭРОДИНАМИЧЕСКИЙ СПУСК"
315.0,60880.8,4977.0,-923.54,21.79,923.79,90.0,0.0,14200,4199,0.0,0.01,2.95,0.12,"АЭРОДИНАМИЧЕСКИЙ СПУСК"
316.0,59952.6,4998.8,-933.00,21.79,933.26,90.0,0.0,14200,4199,0.0,0.02,2.96,0.14,"АЭРОДИНАМИЧЕСКИЙ СПУСК"
317.0,59014.8,5020.6,-942.45,21.79,942.70,90.0,0.0,14200,4199,0.0,0.02,2.98,0.15,"АЭРОДИНАМИЧЕСКИЙ СПУСК"
318.0,58067.7,5042.4,-951.87,21.78,952.12,90.0,0.0,14200,4199,0.0,0.02,2.99,0.18,"АЭРОДИНАМИЧЕСКИЙ СПУСК"
319.0,57111.1,5064.2,-961.27,21.78,961.51,90.0,0.0,14200,4199,0.0,0.03,3.01,0.20,"АЭРОДИНАМИЧЕСКИЙ СПУСК"
320.0,56145.1,5085.9,-970.63,21.77,970.88,90.0,0.0,14200,4199,0.0,0.03,3.03,0.23,"АЭРОДИНАМИЧЕСКИЙ СПУСК"
321.0,55169.8,5107.7,-979.96,21.76,980.20,90.0,0.0,14200,4199,0.0,0.03,3.04,0.27,"АЭРОДИНАМИЧЕСКИЙ СПУСК"
322.0,54185.2,5129.5,-989.25,21.75,989.49,90.0,0.0,14200,4199,0.0,0.04,3.06,0.30,"АЭРОДИНАМИЧЕСКИЙ СПУСК"
323.0,53191.4,5151.2,-998.49,21.75,998.73,90.0,0.0,14200,4199,0.0,0.04,3.07,0.35,"АЭРОДИНАМИЧЕСКИЙ СПУСК"
324.0,52188.3,5172.9,-1007.67,21.74,1007.90,90.0,0.0,14200,4199,0.0,0.05,3.09,0.40,"АЭРОДИНАМИЧЕСКИЙ СПУСК"
325.0,51176.0,5194.7,-1016.78,21.72,1017.02,90.0,0.0,14200,4199,0.0,0.06,3.10,0.46,"АЭРОДИНАМИЧЕСКИЙ СПУСК"
326.0,50154.7,5216.4,-1025.82,21.71,1026.05,90.0,0.0,14200,4199,0.0,0.07,3.11,0.53,"АЭРОДИНАМИЧЕСКИЙ СПУСК"
327.0,49124.4,5238.1,-1034.76,21.70,1034.99,90.0,0.0,14200,4199,0.0,0.08,3.15,0.62,"АЭРОДИНАМИЧЕСКИЙ СПУСК"
328.0,48085.2,5259.8,-1043.59,21.68,1043.81,90.0,0.0,14200,4199,0.0,0.09,3.19,0.73,"АЭРОДИНАМИЧЕСКИЙ СПУСК"
329.0,47037.3,5281.5,-1052.27,21.66,1052.50,90.0,0.0,14200,4199,0.0,0.11,3.23,0.85,"АЭРОДИНАМИЧЕСКИЙ СПУСК"
330.0,45980.7,5303.1,-1060.79,21.64,1061.01,90.0,0.0,14200,4199,0.0,0.13,3.27,1.00,"АЭРОДИНАМИЧЕСКИЙ СПУСК"
331.0,44915.8,5324.7,-1069.12,21.61,1069.34,90.0,0.0,14200,4199,0.0,0.15,3.31,1.17,"АЭРОДИНАМИЧЕСКИЙ СПУСК"
332.0,43842.6,5346.3,-1077.21,21.58,1077.43,90.0,0.0,14200,4199,0.0,0.17,3.34,1.37,"АЭРОДИНАМИЧЕСКИЙ СПУСК"
333.0,42761.4,5367.9,-1085.03,21.54,1085.25,90.0,0.0,14200,4199,0.0,0.20,3.38,1.61,"АЭРОДИНАМИЧЕСКИЙ СПУСК"
334.0,41672.6,5389.4,-1092.53,21.50,1092.74,90.0,0.0,14200,4199,0.0,0.24,3.42,1.90,"АЭРОДИНАМИЧЕСКИЙ СПУСК"
335.0,40576.5,5410.9,-1099.65,21.45,1099.86,90.0,0.0,14200,4199,0.0,0.28,3.46,2.23,"АЭРОДИНАМИЧЕСКИЙ СПУСК"
336.0,39473.5,5432.3,-1106.32,21.39,1106.53,90.0,0.0,14200,4199,0.0,0.33,3.50,2.64,"АЭРОДИНАМИЧЕСКИЙ СПУСК"
337.0,38364.1,5453.6,-1112.41,21.32,1112.61,90.0,0.0,14200,4199,0.0,0.40,3.54,3.17,"АЭРОДИНАМИЧЕСКИЙ СПУСК"
338.0,37248.9,5474.9,-1117.78,21.24,1117.98,90.0,0.0,14200,4199,0.0,0.48,3.57,3.79,"АЭРОДИНАМИЧЕСКИЙ СПУСК"
339.0,36128.8,5496.1,-1122.31,21.14,1122.51,90.0,0.0,14200,4199,0.0,0.57,3.61,4.53,"АЭРОДИНАМИЧЕСКИЙ СПУСК"
340.0,35004.6,5517.2,-1125.84,21.02,1126.04,90.0,0.0,14200,4199,0.0,0.68,3.64,5.42,"АЭРОДИНАМИЧЕСКИЙ СПУСК"
341.0,33877.5,5538.1,-1128.18,20.89,1128.37,90.0,0.0,14200,4199,0.0,0.82,3.67,6.46,"АЭРОДИНАМИЧЕСКИЙ СПУСК"
342.0,32748.7,5559.0,-1129.11,20.72,1129.30,90.0,0.0,14200,4199,0.0,0.97,3.69,7.69,"АЭРОДИНАМИЧЕСКИЙ СПУСК"
343.0,31619.8,5579.6,-1128.39,20.53,1128.57,90.0,0.0,14200,4199,0.0,1.15,3.71,9.12,"АЭРОДИНАМИЧЕСКИЙ СПУСК"
344.0,30492.6,5600.0,-1125.75,20.31,1125.93,90.0,0.0,14200,4199,0.0,1.36,3.72,10.78,"АЭРОДИНАМИЧЕСКИЙ СПУСК"
345.0,29369.1,5620.2,-1120.89,20.05,1121.07,90.0,0.0,14200,4199,0.0,1.61,3.72,12.72,"АЭРОДИНАМИЧЕСКИЙ СПУСК"
346.0,28251.7,5640.1,-1113.45,19.74,1113.62,90.0,0.0,14200,4199,0.0,1.89,3.71,14.93,"АЭРОДИНАМИЧЕСКИЙ СПУСК"
347.0,27143.1,5659.7,-1103.08,19.39,1103.25,90.0,0.0,14200,4199,0.0,2.20,3.68,17.42,"АЭРОДИНАМИЧЕСКИЙ СПУСК"
348.0,26046.6,5678.8,-1089.47,18.98,1089.64,90.0,0.0,14200,4199,0.0,2.55,3.64,20.17,"АЭРОДИНАМИЧЕСКИЙ СПУСК"
349.0,24965.4,5697.6,-1072.32,18.51,1072.48,90.0,0.0,14200,4199,0.0,2.92,3.60,23.13,"АЭРОДИНАМИЧЕСКИЙ СПУСК"
350.0,23903.2,5715.9,-1051.34,17.99,1051.49,90.0,0.0,14200,4199,0.0,3.33,3.53,26.33,"АЭРОДИНАМИЧЕСКИЙ СПУСК"
351.0,22864.0,5733.5,-1026.33,17.39,1026.47,90.0,0.0,14200,4199,0.0,3.74,3.46,29.62,"АЭРОДИНАМИЧЕСКИЙ СПУСК"
352.0,21851.9,5750.6,-997.26,16.74,997.40,90.0,0.0,14200,4199,0.0,4.15,3.37,32.86,"АЭРОДИНАМИЧЕСКИЙ СПУСК"
353.0,20870.8,5767.0,-964.27,16.03,964.40,90.0,0.0,14200,4199,0.0,4.54,3.26,35.93,"АЭРОДИНАМИЧЕСКИЙ СПУСК"
354.0,19924.6,5782.7,-927.68,15.26,927.80,90.0,0.0,14200,4199,0.0,4.89,3.15,38.67,"АЭРОДИНАМИЧЕСКИЙ СПУСК"
355.0,19016.5,5797.5,-888.03,14.45,888.14,90.0,0.0,14200,4199,0.0,5.17,3.01,40.87,"АЭРОДИНАМИЧЕСКИЙ СПУСК"
356.0,18149.3,5811.5,-846.00,13.61,846.11,90.0,0.0,14200,4199,0.0,5.37,2.87,42.52,"АЭРОДИНАМИЧЕСКИЙ СПУСК"
357.0,17325.1,5824.7,-802.34,12.76,802.44,90.0,0.0,14200,4199,0.0,5.50,2.72,43.53,"АЭРОДИНАМИЧЕСКИЙ СПУСК"
358.0,16544.9,5837.1,-757.83,11.90,757.93,90.0,0.0,14200,4199,0.0,5.55,2.57,43.91,"АЭРОДИНАМИЧЕСКИЙ СПУСК"
359.0,15809.4,5848.5,-713.27,11.05,713.36,90.0,0.0,14200,4199,0.0,5.52,2.42,43.66,"АЭРОДИНАМИЧЕСКИЙ СПУСК"
360.0,15118.2,5859.2,-669.37,10.23,669.45,90.0,0.0,14200,4199,0.0,5.42,2.27,42.87,"АЭРОДИНАМИЧЕСКИЙ СПУСК"
361.0,14470.2,5869.0,-626.84,9.44,626.91,90.0,0.0,14200,4199,0.0,5.24,2.12,41.49,"АЭРОДИНАМИЧЕСКИЙ СПУСК"
362.0,13863.8,5878.1,-586.27,8.68,586.33,90.0,0.0,14200,4199,0.0,5.03,1.98,39.77,"АЭРОДИНАМИЧЕСКИЙ СПУСК"
363.0,13296.9,5886.4,-547.97,7.98,548.03,90.0,0.0,14200,4199,0.0,4.78,1.85,37.84,"АЭРОДИНАМИЧЕСКИЙ СПУСК"
364.0,12767.1,5894.0,-512.15,7.32,512.20,90.0,0.0,14200,4199,0.0,4.53,1.73,35.80,"АЭРОДИНАМИЧЕСКИЙ СПУСК"
365.0,12271.8,5901.0,-478.88,6.71,478.92,90.0,0.0,14200,4199,0.0,4.26,1.61,33.73,"АЭРОДИНАМИЧЕСКИЙ СПУСК"
366.0,11808.5,5907.5,-448.17,6.15,448.22,90.0,0.0,14200,4199,0.0,4.00,1.51,31.68,"АЭРОДИНАМИЧЕСКИЙ СПУСК"
367.0,11374.6,5913.4,-419.97,5.63,420.01,90.0,0.0,14200,4199,0.0,3.75,1.41,29.69,"АЭРОДИНАМИЧЕСКИЙ СПУСК"
368.0,10967.7,5918.8,-394.17,5.16,394.20,90.0,0.0,14200,4199,0.0,3.51,1.32,27.81,"АЭРОДИНАМИЧЕСКИЙ СПУСК"
369.0,10585.5,5923.7,-370.63,4.73,370.66,90.0,0.0,14200,4199,0.0,3.29,1.24,26.04,"АЭРОДИНАМИЧЕСКИЙ СПУСК"
370.0,10225.8,5928.2,-349.20,4.34,349.22,90.0,0.0,14200,4199,0.0,3.08,1.17,24.40,"АЭРОДИНАМИЧЕСКИЙ СПУСК"
371.0,9886.4,5932.4,-329.73,3.98,329.75,90.0,0.0,14200,4199,0.0,2.88,1.10,22.81,"АЭРОДИНАМИЧЕСКИЙ СПУСК"
372.0,9565.6,5936.2,-312.27,3.66,312.30,90.0,0.0,14200,4199,0.0,2.68,1.04,21.23,"АЭРОДИНАМИЧЕСКИЙ СПУСК"
373.0,9261.3,5939.7,-296.65,3.36,296.67,90.0,0.0,14200,4199,0.0,2.51,0.98,19.84,"АЭРОДИНАМИЧЕСКИЙ СПУСК"
374.0,8971.8,5942.9,-282.64,3.10,282.66,90.0,0.0,14200,4199,0.0,2.35,0.93,18.62,"АЭРОДИНАМИЧЕСКИЙ СПУСК"
375.0,8695.5,5945.9,-270.05,2.86,270.06,90.0,0.0,14200,4199,0.0,2.22,0.89,17.55,"АЭРОДИНАМИЧЕСКИЙ СПУСК"
376.0,8431.3,5948.7,-258.70,2.64,258.71,90.0,0.0,14200,4199,0.0,2.10,0.85,16.60,"АЭРОДИНАМИЧЕСКИЙ СПУСК"
377.0,8177.8,5951.2,-248.45,2.44,248.46,90.0,0.0,14200,4199,0.0,1.99,0.81,15.77,"АЭРОДИНАМИЧЕСКИЙ СПУСК"
378.0,7934.0,5953.5,-239.18,2.25,239.19,90.0,0.0,14200,4199,0.0,1.90,0.78,15.03,"АЭРОДИНАМИЧЕСКИЙ СПУСК"
379.0,7699.1,5955.7,-230.76,2.09,230.77,90.0,0.0,14200,4199,0.0,1.82,0.75,14.37,"АЭРОДИНАМИЧЕСКИЙ СПУСК"
380.0,7472.3,5957.7,-223.12,1.93,223.12,90.0,0.0,14200,4199,0.0,1.74,0.72,13.79,"АЭРОДИНАМИЧЕСКИЙ СПУСК"
381.0,7252.7,5959.6,-216.15,1.79,216.15,90.0,0.0,14200,4199,0.0,1.68,0.70,13.27,"АЭРОДИНАМИЧЕСКИЙ СПУСК"
382.0,7039.8,5961.3,-209.78,1.66,209.79,90.0,0.0,14200,4199,0.0,1.62,0.67,12.81,"АЭРОДИНАМИЧЕСКИЙ СПУСК"
383.0,6832.9,5962.9,-203.95,1.54,203.96,90.0,0.0,14200,4199,0.0,1.57,0.65,12.40,"АЭРОДИНАМИЧЕСКИЙ СПУСК"
384.0,6631.7,5964.4,-198.60,1.43,198.61,90.0,0.0,14200,4199,0.0,1.52,0.63,12.04,"АЭРОДИНАМИЧЕСКИЙ СПУСК"
385.0,6435.6,5965.8,-193.69,1.32,193.69,90.0,0.0,14200,4199,0.0,1.48,0.62,11.71,"АЭРОДИНАМИЧЕСКИЙ СПУСК"
386.0,6244.2,5967.0,-189.15,1.23,189.15,90.0,0.0,14200,4199,0.0,1.44,0.60,11.42,"АЭРОДИНАМИЧЕСКИЙ СПУСК"
387.0,6057.2,5968.2,-184.96,1.14,184.96,90.0,0.0,14200,4199,0.0,1.41,0.59,11.15,"АЭРОДИНАМИЧЕСКИЙ СПУСК"
388.0,5874.2,5969.3,-181.08,1.06,181.08,90.0,0.0,14200,4199,0.0,1.38,0.57,10.92,"АЭРОДИНАМИЧЕСКИЙ СПУСК"
389.0,5694.9,5970.3,-177.47,0.98,177.47,90.0,0.0,14200,4199,0.0,1.35,0.56,10.71,"АЭРОДИНАМИЧЕСКИЙ СПУСК"
390.0,5519.2,5971.3,-174.11,0.91,174.12,90.0,0.0,14200,4199,0.0,1.33,0.55,10.52,"АЭРОДИНАМИЧЕСКИЙ СПУСК"
391.0,5346.6,5972.2,-170.98,0.85,170.98,90.0,0.0,14200,4199,0.0,1.31,0.54,10.35,"АЭРОДИНАМИЧЕСКИЙ СПУСК"
392.0,5177.1,5973.0,-168.05,0.78,168.05,90.0,0.0,14200,4199,0.0,1.29,0.53,10.19,"АЭРОДИНАМИЧЕСКИЙ СПУСК"
393.0,5010.5,5973.7,-165.30,0.73,165.30,90.0,0.0,14200,4199,0.0,1.27,0.52,10.05,"АЭРОДИНАМИЧЕСКИЙ СПУСК"
394.0,4846.5,5974.4,-162.73,0.67,162.73,90.0,0.0,14200,4199,0.0,1.25,0.51,9.91,"АЭРОДИНАМИЧЕСКИЙ СПУСК"
395.0,4684.9,5975.1,-160.33,0.63,160.33,90.0,0.0,14200,4199,0.0,1.24,0.50,9.78,"АЭРОДИНАМИЧЕСКИЙ СПУСК"
396.0,4525.8,5975.7,-158.08,0.58,158.08,90.0,0.0,14200,4199,0.0,1.22,0.49,9.66,"АЭРОДИНАМИЧЕСКИЙ СПУСК"
397.0,4368.7,5976.2,-155.97,0.54,155.97,90.0,0.0,14200,4199,0.0,1.21,0.48,9.55,"АЭРОДИНАМИЧЕСКИЙ СПУСК"
398.0,4213.8,5976.7,-153.98,0.50,153.98,90.0,0.0,14200,4199,0.0,1.20,0.48,9.46,"АЭРОДИНАМИЧЕСКИЙ СПУСК"
399.0,4060.7,5977.2,-152.11,0.46,152.11,90.0,0.0,14200,4199,0.0,1.18,0.47,9.38,"АЭРОДИНАМИЧЕСКИЙ СПУСК"
400.0,3909.5,5977.7,-150.33,0.43,150.33,90.0,0.0,14200,4199,0.0,1.18,0.46,9.30,"АЭРОДИНАМИЧЕСКИЙ СПУСК"
401.0,3760.0,5978.1,-148.64,0.40,148.65,90.0,0.0,14200,4199,0.0,1.17,0.46,9.23,"АЭРОДИНАМИЧЕСКИЙ СПУСК"
402.0,3612.2,5978.5,-147.04,0.37,147.04,90.0,0.0,14200,4199,0.0,1.16,0.45,9.17,"АЭРОДИНАМИЧЕСКИЙ СПУСК"
403.0,3465.9,5978.8,-145.51,0.34,145.51,90.0,0.0,14200,4199,0.0,1.15,0.45,9.11,"АЭРОДИНАМИЧЕСКИЙ СПУСК"
404.0,3321.2,5979.1,-144.04,0.31,144.04,90.0,0.0,14200,4199,0.0,1.15,0.44,9.06,"АЭРОДИНАМИЧЕСКИЙ СПУСК"
405.0,3177.8,5979.4,-142.63,0.29,142.63,90.0,0.0,14200,4199,0.0,1.14,0.44,9.02,"АЭРОДИНАМИЧЕСКИЙ СПУСК"
406.0,3035.9,5979.7,-141.28,0.27,141.28,90.0,0.0,14200,4199,0.0,1.13,0.43,8.98,"АЭРОДИНАМИЧЕСКИЙ СПУСК"
407.0,2895.3,5980.0,-139.97,0.25,139.97,90.0,0.0,14200,4199,0.0,1.13,0.43,8.94,"АЭРОДИНАМИЧЕСКИЙ СПУСК"
408.0,2755.9,5980.2,-138.72,0.23,138.72,90.0,0.0,14200,4199,0.0,1.13,0.42,8.90,"АЭРОДИНАМИЧЕСКИЙ СПУСК"
409.0,2617.8,5980.4,-137.50,0.21,137.50,90.0,0.0,14200,4199,0.0,1.12,0.42,8.87,"АЭРОДИНАМИЧЕСКИЙ СПУСК"
410.0,2480.9,5980.6,-136.32,0.20,136.32,90.6,0.0,14200,4199,0.0,1.12,0.41,8.84,"УПРАВЛЯЕМЫЙ СПУСК К БАРЖЕ B"
411.0,2345.2,5980.8,-135.18,0.18,135.18,93.2,0.0,14200,4199,0.0,1.11,0.41,8.82,"УПРАВЛЯЕМЫЙ СПУСК К БАРЖЕ B"
412.0,2210.6,5981.0,-134.07,0.17,134.07,93.2,0.0,14200,4199,0.0,1.11,0.40,8.79,"УПРАВЛЯЕМЫЙ СПУСК К БАРЖЕ B"
413.0,2077.0,5981.2,-132.98,0.15,132.98,93.3,0.0,14200,4199,0.0,1.11,0.40,8.77,"УПРАВЛЯЕМЫЙ СПУСК К БАРЖЕ B"
414.0,1944.6,5981.3,-131.93,0.14,131.93,93.3,0.0,14200,4199,0.0,1.11,0.40,8.75,"УПРАВЛЯЕМЫЙ СПУСК К БАРЖЕ B"
415.0,1813.2,5981.4,-130.90,0.13,130.90,93.3,0.0,14200,4199,0.0,1.10,0.39,8.73,"УПРАВЛЯЕМЫЙ СПУСК К БАРЖЕ B"
416.0,1682.8,5981.6,-129.90,0.12,129.90,93.3,0.0,14200,4199,0.0,1.10,0.39,8.71,"УПРАВЛЯЕМЫЙ СПУСК К БАРЖЕ B"
417.0,1553.4,5981.7,-128.92,0.11,128.92,93.3,0.0,14200,4199,0.0,1.10,0.39,8.69,"УПРАВЛЯЕМЫЙ СПУСК К БАРЖЕ B"
418.0,1424.9,5981.8,-127.96,0.10,127.96,93.3,0.0,14200,4199,0.0,1.10,0.38,8.67,"УПРАВЛЯЕМЫЙ СПУСК К БАРЖЕ B"
419.0,1297.4,5981.9,-127.02,0.09,127.02,93.3,0.0,14200,4199,0.0,1.09,0.38,8.66,"УПРАВЛЯЕМЫЙ СПУСК К БАРЖЕ B"
420.0,1170.9,5982.0,-126.10,0.09,126.10,93.3,0.0,14200,4199,0.0,1.09,0.38,8.65,"УПРАВЛЯЕМЫЙ СПУСК К БАРЖЕ B"
421.0,1045.2,5982.1,-125.19,0.08,125.19,93.3,0.0,14200,4199,0.0,1.09,0.37,8.63,"УПРАВЛЯЕМЫЙ СПУСК К БАРЖЕ B"
422.0,920.5,5982.1,-124.31,0.07,124.31,93.4,0.0,14200,4199,0.0,1.09,0.37,8.62,"УПРАВЛЯЕМЫЙ СПУСК К БАРЖЕ B"
423.0,796.6,5982.2,-123.44,0.07,123.44,93.4,0.0,14200,4199,0.0,1.09,0.37,8.61,"УПРАВЛЯЕМЫЙ СПУСК К БАРЖЕ B"
424.0,682.5,5982.0,-105.41,-0.26,105.41,88.8,0.0,14110,4110,56.3,2.64,0.31,6.39,"ПОСАДКА: HOVERSLAM (SUICIDE BURN)"
425.0,584.6,5982.1,-90.93,0.52,90.93,87.1,0.0,14027,4027,52.7,2.34,0.27,4.80,"ПОСАДКА: HOVERSLAM (SUICIDE BURN)"
426.0,499.8,5983.0,-79.05,1.28,79.06,87.1,0.0,13948,3948,49.8,2.11,0.23,3.66,"ПОСАДКА: HOVERSLAM (SUICIDE BURN)"
427.0,425.9,5984.6,-69.10,1.98,69.13,87.1,0.0,13874,3874,47.5,1.94,0.20,2.82,"ПОСАДКА: HOVERSLAM (SUICIDE BURN)"
428.0,361.1,5986.9,-60.63,2.63,60.69,87.1,0.0,13803,3803,45.7,1.80,0.18,2.19,"ПОСАДКА: HOVERSLAM (SUICIDE BURN)"
429.0,304.2,5989.9,-53.32,3.23,53.42,87.1,0.0,13734,3734,44.2,1.70,0.16,1.70,"ПОСАДКА: HOVERSLAM (SUICIDE BURN)"
430.0,254.2,5993.4,-46.92,3.81,47.07,87.1,0.0,13667,3667,42.9,1.61,0.14,1.33,"ПОСАДКА: HOVERSLAM (SUICIDE BURN)"
431.0,210.2,5997.5,-41.24,4.37,41.48,87.1,0.0,13603,3603,41.9,1.55,0.12,1.04,"ПОСАДКА: HOVERSLAM (SUICIDE BURN)"
432.0,171.5,6002.1,-36.16,4.91,36.49,87.3,0.0,13539,3539,41.0,1.49,0.11,0.81,"ПОСАДКА: HOVERSLAM (SUICIDE BURN)"
433.0,137.7,6007.3,-31.55,5.35,32.01,87.7,0.0,13477,3477,40.2,1.45,0.09,0.62,"ПОСАДКА: HOVERSLAM (SUICIDE BURN)"
434.0,108.3,6012.8,-27.28,5.72,27.87,88.0,0.0,13416,3416,40.0,1.43,0.08,0.47,"ПОСАДКА: HOVERSLAM (SUICIDE BURN)"
435.0,83.1,6018.7,-23.12,6.02,23.89,88.3,0.0,13355,3355,40.0,1.42,0.07,0.35,"ПОСАДКА: HOVERSLAM (SUICIDE BURN)"
436.0,62.0,6024.8,-19.05,6.29,20.06,88.5,0.0,13294,3294,40.0,1.41,0.06,0.25,"ПОСАДКА: HOVERSLAM (SUICIDE BURN)"
437.0,45.0,6031.3,-15.04,6.52,16.39,88.7,0.0,13232,3232,40.0,1.41,0.05,0.17,"ПОСАДКА: HOVERSLAM (SUICIDE BURN)"
438.0,31.9,6037.9,-11.06,6.72,12.94,88.9,0.0,13171,3171,40.0,1.41,0.04,0.10,"ПОСАДКА: HOVERSLAM (SUICIDE BURN)"
439.0,22.9,6044.7,-7.08,6.90,9.89,89.1,0.0,13110,3110,40.0,1.41,0.03,0.06,"ПОСАДКА: HOVERSLAM (SUICIDE BURN)"
440.0,17.8,6051.7,-3.09,7.06,7.71,89.2,0.0,13049,3049,40.0,1.41,0.02,0.04,"ПОСАДКА: HOVERSLAM (SUICIDE BURN)"
441.0,17.2,6058.8,5.51,7.20,9.07,90.0,0.0,12968,2968,100.0,3.54,0.03,0.05,"ВЕРТИКАЛЬНЫЙ ПОДЪЁМ"
442.0,35.2,6066.0,30.59,7.19,31.43,90.0,0.0,12815,2815,100.0,3.58,0.09,0.58,"ВЕРТИКАЛЬНЫЙ ПОДЪЁМ"
443.0,78.5,6073.2,56.02,7.18,56.47,90.0,0.0,12662,2662,100.0,3.61,0.16,1.90,"ВЕРТИКАЛЬНЫЙ ПОДЪЁМ"
444.0,147.3,6080.4,81.73,7.15,82.04,90.0,0.0,12509,2509,100.0,3.63,0.24,4.01,"ВЕРТИКАЛЬНЫЙ ПОДЪЁМ"
445.0,242.0,6087.5,107.68,7.12,107.91,90.0,0.0,12356,2356,100.0,3.66,0.32,6.89,"ВЕРТИКАЛЬНЫЙ ПОДЪЁМ"
446.0,362.7,6094.6,133.81,7.08,134.00,90.0,0.0,12203,2203,100.0,3.67,0.39,10.52,"ГРАВИТАЦИОННЫЙ РАЗВОРОТ"
447.0,509.7,6101.7,160.08,7.03,160.23,90.0,0.0,12050,2050,100.0,3.68,0.47,14.84,"ГРАВИТАЦИОННЫЙ РАЗВОРОТ"
448.0,674.8,6108.7,161.69,6.98,161.84,87.0,0.0,11998,1998,0.0,0.13,0.48,15.02,"ВЫХОД НА АПОГЕЙ C"
449.0,831.0,6115.6,150.74,6.92,150.90,85.5,0.0,11998,1998,0.0,0.11,0.45,12.86,"ВЫХОД НА АПОГЕЙ C"
450.0,976.3,6122.5,139.96,6.88,140.12,85.5,0.0,11998,1998,0.0,0.09,0.42,10.93,"ВЫХОД НА АПОГЕЙ C"
451.0,1110.9,6129.4,129.32,6.84,129.50,85.5,0.0,11998,1998,0.0,0.08,0.39,9.21,"ВЫХОД НА АПОГЕЙ C"
452.0,1235.0,6136.2,118.82,6.80,119.02,85.5,0.0,11998,1998,0.0,0.07,0.36,7.68,"ВЫХОД НА АПОГЕЙ C"
453.0,1348.6,6143.0,108.44,6.76,108.65,85.5,0.0,11998,1998,0.0,0.05,0.32,6.33,"ВЫХОД НА АПОГЕЙ C"
454.0,1451.9,6149.7,98.16,6.73,98.39,85.5,0.0,11998,1998,0.0,0.04,0.29,5.14,"ВЫХОД НА АПОГЕЙ C"
455.0,1545.0,6156.4,87.97,6.70,88.23,85.5,0.0,11998,1998,0.0,0.04,0.26,4.09,"ВЫХОД НА АПОГЕЙ C"
456.0,1627.9,6163.1,77.87,6.68,78.15,85.5,0.0,11998,1998,0.0,0.03,0.23,3.19,"ВЫХОД НА АПОГЕЙ C"
457.0,1700.7,6169.8,67.83,6.66,68.16,85.5,0.0,11998,1998,0.0,0.02,0.20,2.41,"ВЫХОД НА АПОГЕЙ C"
458.0,1763.6,6176.4,57.86,6.64,58.24,85.5,0.0,11998,1998,0.0,0.02,0.18,1.75,"ВЫХОД НА АПОГЕЙ C"
459.0,1816.4,6183.1,47.93,6.62,48.39,85.5,0.0,11998,1998,0.0,0.01,0.15,1.20,"ВЫХОД НА АПОГЕЙ C"
460.0,1859.4,6189.7,38.05,6.61,38.62,85.5,0.0,11998,1998,0.0,0.01,0.12,0.76,"ВЫХОД НА АПОГЕЙ C"
461.0,1892.6,6196.3,28.20,6.60,28.96,85.5,0.0,11998,1998,0.0,0.00,0.09,0.43,"ВЫХОД НА АПОГЕЙ C"
462.0,1915.8,6202.9,18.37,6.59,19.52,85.5,0.0,11998,1998,0.0,0.00,0.06,0.20,"ВЫХОД НА АПОГЕЙ C"
463.0,1929.3,6209.5,8.56,6.59,10.80,85.5,0.0,11998,1998,0.0,0.00,0.03,0.06,"ВЫХОД НА АПОГЕЙ C"
464.0,1934.9,6216.2,5.05,7.02,8.65,86.5,0.0,11972,1972,40.0,1.53,0.03,0.04,"ПОСАДКА: HOVERSLAM (SUICIDE BURN)"
465.0,1939.9,6223.5,4.87,7.49,8.94,87.8,0.0,11933,1933,0.0,0.00,0.03,0.04,"ВЫХОД НА АПОГЕЙ C"
466.0,1944.8,6231.1,5.04,7.74,9.23,89.3,0.0,11893,1893,40.0,1.54,0.03,0.04,"ПОСАДКА: HOVERSLAM (SUICIDE BURN)"
467.0,1949.8,6238.9,4.94,7.78,9.22,89.8,0.0,11853,1853,40.0,1.55,0.03,0.04,"ПОСАДКА: HOVERSLAM (SUICIDE BURN)"
468.0,1954.7,6246.7,4.87,7.81,9.21,89.7,0.0,11814,1814,0.0,0.00,0.03,0.04,"ВЫХОД НА АПОГЕЙ C"
469.0,1959.7,6254.5,4.84,7.83,9.21,89.8,0.0,11775,1775,0.0,0.00,0.03,0.04,"ВЫХОД НА АПОГЕЙ C"
470.0,1964.6,6262.4,4.83,7.85,9.22,89.8,0.0,11736,1736,0.0,0.00,0.03,0.04,"ВЫХОД НА АПОГЕЙ C"
471.0,1969.6,6270.2,4.86,7.87,9.25,89.8,0.0,11697,1697,0.0,0.00,0.03,0.04,"ВЫХОД НА АПОГЕЙ C"
472.0,1974.6,6278.1,4.93,7.89,9.30,89.9,0.0,11658,1658,40.0,1.57,0.03,0.04,"ПОСАДКА: HOVERSLAM (SUICIDE BURN)"
473.0,1979.5,6286.0,5.02,7.90,9.36,89.9,0.0,11618,1618,40.0,1.58,0.03,0.04,"ПОСАДКА: HOVERSLAM (SUICIDE BURN)"
474.0,1984.5,6293.9,4.84,7.91,9.27,89.8,0.0,11581,1581,0.0,0.00,0.03,0.04,"ВЫХОД НА АПОГЕЙ C"
475.0,1989.4,6301.8,5.00,7.92,9.37,89.9,0.0,11541,1541,40.0,1.59,0.03,0.04,"ПОСАДКА: HOVERSLAM (SUICIDE BURN)"
476.0,1994.4,6309.7,4.89,7.93,9.31,89.8,0.0,11503,1503,0.0,0.00,0.03,0.04,"ВЫХОД НА АПОГЕЙ C"
477.0,1999.4,6317.7,5.11,7.93,9.44,89.9,0.0,11464,1464,40.0,1.60,0.03,0.04,"ПОСАДКА: HOVERSLAM (SUICIDE BURN)"
478.0,2000.7,6325.6,-3.43,7.92,8.63,86.0,0.0,11459,1459,0.0,0.01,0.03,0.04,"УПРАВЛЯЕМЫЙ СПУСК К БАРЖЕ B"
479.0,1997.7,6333.8,-0.32,8.51,8.52,88.9,0.0,11409,1409,40.0,1.61,0.03,0.04,"ПОСАДКА: HOVERSLAM (SUICIDE BURN)"
480.0,2000.3,6342.3,4.43,8.46,9.55,90.1,0.0,11353,1353,0.0,0.00,0.03,0.05,"УПРАВЛЯЕМЫЙ СПУСК К БАРЖЕ B"
481.0,1999.9,6350.8,-5.04,8.45,9.84,85.7,0.0,11352,1352,40.0,1.62,0.03,0.05,"ПОСАДКА: HOVERSLAM (SUICIDE BURN)"
482.0,1997.9,6359.5,1.06,8.94,9.00,90.3,0.0,11291,1291,40.0,1.63,0.03,0.04,"ПОСАДКА: HOVERSLAM (SUICIDE BURN)"
483.0,2001.2,6368.4,2.12,8.80,9.05,89.3,0.0,11249,1249,0.0,0.00,0.03,0.04,"УПРАВЛЯЕМЫЙ СПУСК К БАРЖЕ B"
484.0,1998.8,6377.2,-3.83,8.98,9.77,86.9,0.0,11234,1234,40.0,1.64,0.03,0.05,"ПОСАДКА: HOVERSLAM (SUICIDE BURN)"
485.0,1998.1,6386.4,2.44,9.15,9.47,91.0,0.0,11173,1173,40.0,1.64,0.03,0.04,"ПОСАДКА: HOVERSLAM (SUICIDE BURN)"
486.0,2001.2,6395.4,-0.27,9.03,9.04,88.4,0.0,11146,1146,0.0,0.01,0.03,0.04,"УПРАВЛЯЕМЫЙ СПУСК К БАРЖЕ B"
487.0,1998.2,6404.5,-1.64,9.34,9.48,88.6,0.0,11114,1114,40.0,1.65,0.03,0.05,"ПОСАДКА: HOVERSLAM (SUICIDE BURN)"
488.0,1999.8,6413.8,4.80,9.19,10.37,91.0,0.0,11053,1053,40.0,1.66,0.03,0.05,"ПОСАДКА: HOVERSLAM (SUICIDE BURN)"
489.0,2000.3,6423.0,-4.35,9.15,10.13,86.6,0.0,11051,1051,0.0,0.01,0.03,0.05,"УПРАВЛЯЕМЫЙ СПУСК К БАРЖЕ B"
490.0,1998.0,6432.4,0.89,9.50,9.54,90.5,0.0,10994,994,40.0,1.67,0.03,0.05,"ПОСАДКА: HOVERSLAM (SUICIDE BURN)"
491.0,2001.1,6441.8,1.58,9.29,9.42,89.5,0.0,10955,955,0.0,0.00,0.03,0.04,"УПРАВЛЯЕМЫЙ СПУСК К БАРЖЕ B"
492.0,1998.7,6451.1,-2.94,9.49,9.94,87.8,0.0,10936,936,40.0,1.68,0.03,0.05,"ПОСАДКА: HOVERSLAM (SUICIDE BURN)"
493.0,1999.1,6460.6,3.76,9.45,10.18,91.3,0.0,10874,874,40.0,1.69,0.03,0.05,"ПОСАДКА: HOVERSLAM (SUICIDE BURN)"
494.0,2000.9,6470.0,-2.72,9.36,9.75,87.5,0.0,10862,862,0.0,0.01,0.03,0.05,"УПРАВЛЯЕМЫЙ СПУСК К БАРЖЕ B"
495.0,1998.1,6479.5,0.11,9.68,9.68,89.9,0.0,10816,816,40.0,1.70,0.03,0.05,"ПОСАДКА: HOVERSLAM (SUICIDE BURN)"
496.0,2001.0,6489.1,2.31,9.46,9.73,90.0,0.0,10772,772,0.0,0.00,0.03,0.05,"УПРАВЛЯЕМЫЙ СПУСК К БАРЖЕ B"
497.0,1998.9,6498.6,-3.13,9.61,10.10,87.8,0.0,10756,756,40.0,1.71,0.03,0.05,"ПОСАДКА: HOVERSLAM (SUICIDE BURN)"
498.0,1999.3,6508.2,3.86,9.57,10.32,91.4,0.0,10695,695,40.0,1.72,0.03,0.05,"ПОСАДКА: HOVERSLAM (SUICIDE BURN)"
499.0,2000.7,6517.7,-3.24,9.48,10.02,87.4,0.0,10685,685,0.0,0.01,0.03,0.05,"УПРАВЛЯЕМЫЙ СПУСК К БАРЖЕ B"
500.0,1998.0,6527.4,0.48,9.78,9.79,90.2,0.0,10636,636,40.0,1.73,0.03,0.05,"ПОСАДКА: HOVERSLAM (SUICIDE BURN)"
501.0,2001.1,6537.0,1.87,9.54,9.72,89.9,0.0,10595,595,0.0,0.00,0.03,0.05,"УПРАВЛЯЕМЫЙ СПУСК К БАРЖЕ B"
502.0,1998.8,6546.6,-2.82,9.71,10.11,88.0,0.0,10577,577,40.0,1.74,0.03,0.05,"ПОСАДКА: HOVERSLAM (SUICIDE BURN)"
503.0,1999.6,6556.3,4.45,9.61,10.59,91.4,0.0,10516,516,40.0,1.75,0.03,0.06,"ПОСАДКА: HOVERSLAM (SUICIDE BURN)"
504.0,2000.5,6565.9,-3.98,9.54,10.34,87.1,0.0,10511,511,0.0,0.01,0.03,0.05,"УПРАВЛЯЕМЫЙ СПУСК К БАРЖЕ B"
505.0,1998.3,6575.6,1.34,9.83,9.92,90.6,0.0,10457,457,40.0,1.75,0.03,0.05,"ПОСАДКА: HOVERSLAM (SUICIDE BURN)"
506.0,2001.3,6585.3,0.50,9.62,9.63,89.3,0.0,10425,425,0.0,0.00,0.03,0.05,"УПРАВЛЯЕМЫЙ СПУСК К БАРЖЕ B"
507.0,1998.5,6594.9,-2.02,9.84,10.04,88.6,0.0,10400,400,40.0,1.77,0.03,0.05,"ПОСАДКА: HOVERSLAM (SUICIDE BURN)"
508.0,2000.2,6604.7,4.84,9.65,10.80,91.3,0.0,10341,341,0.0,0.00,0.03,0.06,"ВЫХОД НА АПОГЕЙ C"
509.0,2000.1,6614.4,-4.95,9.61,10.81,86.8,0.0,10341,341,0.0,0.01,0.03,0.06,"УПРАВЛЯЕМЫЙ СПУСК К БАРЖЕ B"
510.0,1998.3,6624.2,2.02,9.89,10.09,91.0,0.0,10282,282,40.0,1.78,0.03,0.05,"ПОСАДКА: HOVERSLAM (SUICIDE BURN)"
511.0,2001.3,6634.0,-0.42,9.69,9.70,88.9,0.0,10257,257,0.0,0.01,0.03,0.05,"УПРАВЛЯЕМЫЙ СПУСК К БАРЖЕ B"
512.0,1998.3,6643.7,-1.06,9.94,9.99,89.1,0.0,10225,225,40.0,1.80,0.03,0.05,"ПОСАДКА: HOVERSLAM (SUICIDE BURN)"
513.0,2000.8,6653.6,3.25,9.73,10.26,90.7,0.0,10176,176,0.0,0.00,0.03,0.05,"УПРАВЛЯЕМЫЙ СПУСК К БАРЖЕ B"
514.0,1999.3,6663.3,-4.06,9.80,10.61,87.4,0.0,10167,167,40.0,1.81,0.03,0.06,"ПОСАДКА: HOVERSLAM (SUICIDE BURN)"
515.0,1999.3,6673.2,3.90,9.85,10.59,91.6,0.0,10106,106,40.0,1.82,0.03,0.06,"ПОСАДКА: HOVERSLAM (SUICIDE BURN)"
516.0,2000.9,6683.0,-3.04,9.74,10.21,87.8,0.0,10096,96,0.0,0.01,0.03,0.05,"УПРАВЛЯЕМЫЙ СПУСК К БАРЖЕ B"
517.0,1998.4,6692.9,1.11,10.00,10.07,90.3,0.0,10049,49,40.0,1.83,0.03,0.05,"ПОСАДКА: HOVERSLAM (SUICIDE BURN)"
518.0,2001.3,6702.7,0.28,9.80,9.80,89.4,0.0,10018,18,0.0,0.00,0.03,0.05,"УПРАВЛЯЕМЫЙ СПУСК К БАРЖЕ B"
519.0,1998.3,6712.6,-4.16,9.94,10.78,87.5,0.0,10000,0,0.0,0.01,0.03,0.06,"УПРАВЛЯЕМЫЙ СПУСК К БАРЖЕ B"
520.0,1989.2,6722.5,-13.85,9.83,16.98,82.9,0.0,10000,0,0.0,0.03,0.05,0.14,"УПРАВЛЯЕМЫЙ СПУСК К БАРЖЕ B"
521.0,1970.6,6732.2,-23.30,9.65,25.22,82.4,0.0,10000,0,0.0,0.06,0.08,0.31,"УПРАВЛЯЕМЫЙ СПУСК К БАРЖЕ B"
522.0,1942.8,6741.7,-32.37,9.40,33.71,82.7,0.0,10000,0,0.0,0.10,0.10,0.57,"УПРАВЛЯЕМЫЙ СПУСК К БАРЖЕ B"
523.0,1906.0,6751.0,-40.94,9.09,41.93,83.0,0.0,10000,0,0.0,0.16,0.13,0.88,"УПРАВЛЯЕМЫЙ СПУСК К БАРЖЕ B"
524.0,1861.1,6759.9,-48.90,8.72,49.67,83.4,0.0,10000,0,0.0,0.22,0.15,1.24,"УПРАВЛЯЕМЫЙ СПУСК К БАРЖЕ B"
525.0,1808.5,6768.4,-56.19,8.32,56.80,83.9,0.0,10000,0,0.0,0.29,0.17,1.64,"УПРАВЛЯЕМЫЙ СПУСК К БАРЖЕ B"
526.0,1748.9,6776.5,-62.77,7.88,63.26,84.4,0.0,10000,0,0.0,0.37,0.19,2.04,"УПРАВЛЯЕМЫЙ СПУСК К БАРЖЕ B"
527.0,1683.2,6784.2,-68.63,7.42,69.03,84.9,0.0,10000,0,0.0,0.44,0.21,2.45,"УПРАВЛЯЕМЫЙ СПУСК К БАРЖЕ B"
528.0,1611.9,6791.4,-73.77,6.95,74.10,85.5,0.0,10000,0,0.0,0.51,0.22,2.85,"УПРАВЛЯЕМЫЙ СПУСК К БАРЖЕ B"
529.0,1535.9,6798.1,-78.24,6.48,78.51,86.0,0.0,10000,0,0.0,0.58,0.23,3.22,"УПРАВЛЯЕМЫЙ СПУСК К БАРЖЕ B"
530.0,1455.7,6804.3,-82.07,6.02,82.29,86.5,0.0,10000,0,0.0,0.64,0.25,3.57,"УПРАВЛЯЕМЫЙ СПУСК К БАРЖЕ B"
531.0,1371.9,6810.1,-85.31,5.56,85.49,87.1,0.0,10000,0,0.0,0.70,0.26,3.89,"УПРАВЛЯЕМЫЙ СПУСК К БАРЖЕ B"
532.0,1285.2,6815.5,-88.02,5.13,88.17,87.6,0.0,10000,0,0.0,0.75,0.26,4.17,"УПРАВЛЯЕМЫЙ СПУСК К БАРЖЕ B"
533.0,1196.1,6820.4,-90.25,4.71,90.38,88.0,0.0,10000,0,0.0,0.79,0.27,4.42,"УПРАВЛЯЕМЫЙ СПУСК К БАРЖЕ B"
534.0,1104.9,6824.9,-92.07,4.31,92.17,88.5,0.0,10000,0,0.0,0.83,0.27,4.65,"УПРАВЛЯЕМЫЙ СПУСК К БАРЖЕ B"
535.0,1012.0,6829.0,-93.53,3.94,93.61,88.9,0.0,10000,0,0.0,0.87,0.28,4.84,"УПРАВЛЯЕМЫЙ СПУСК К БАРЖЕ B"
536.0,917.9,6832.8,-94.67,3.60,94.73,89.3,0.0,10000,0,0.0,0.90,0.28,5.00,"УПРАВЛЯЕМЫЙ СПУСК К БАРЖЕ B"
537.0,822.8,6836.2,-95.54,3.27,95.59,89.7,0.0,10000,0,0.0,0.92,0.28,5.14,"УПРАВЛЯЕМЫЙ СПУСК К БАРЖЕ B"
538.0,726.9,6839.3,-96.18,2.98,96.22,90.0,0.0,10000,0,0.0,0.94,0.29,5.26,"УПРАВЛЯЕМЫЙ СПУСК К БАРЖЕ B"
539.0,630.5,6842.2,-96.63,2.70,96.66,90.3,0.0,10000,0,0.0,0.96,0.29,5.37,"УПРАВЛЯЕМЫЙ СПУСК К БАРЖЕ B"
540.0,533.7,6844.7,-96.91,2.45,96.94,90.6,0.0,10000,0,0.0,0.98,0.29,5.45,"УПРАВЛЯЕМЫЙ СПУСК К БАРЖЕ B"
541.0,436.7,6847.1,-97.06,2.22,97.09,90.9,0.0,10000,0,0.0,0.99,0.29,5.52,"УПРАВЛЯЕМЫЙ СПУСК К БАРЖЕ B"
542.0,339.6,6849.2,-97.10,2.00,97.12,91.1,0.0,10000,0,0.0,1.00,0.29,5.58,"УПРАВЛЯЕМЫЙ СПУСК К БАРЖЕ B"
543.0,242.6,6851.1,-97.04,1.81,97.05,91.4,0.0,10000,0,0.0,1.01,0.29,5.63,"УПРАВЛЯЕМЫЙ СПУСК К БАРЖЕ B"
544.0,145.6,6852.8,-96.90,1.63,96.92,91.6,0.0,10000,0,0.0,1.02,0.29,5.67,"УПРАВЛЯЕМЫЙ СПУСК К БАРЖЕ B"
545.0,48.8,6854.4,-96.70,1.47,96.72,91.7,0.0,10000,0,0.0,1.02,0.28,5.70,"УПРАВЛЯЕМЫЙ СПУСК К БАРЖЕ B"
545.5,0.0,6855.1,-96.58,1.40,96.59,91.8,0.0,10000,0,0.0,1.03,0.28,5.71,"УПРАВЛЯЕМЫЙ СПУСК К БАРЖЕ B"
